Company_ID,Signup_Date,Industry,Country,Company_Size,Employees,Plan,Monthly_Fee,Contract_Type,Acquisition_Channel,Reduction_Target_Pct,Avg_Monthly_Logins,Avg_Reports_Generated,Avg_Data_Completeness_Pct,Initial_CO2_kg,Latest_CO2_kg,Observed_Reduction_Pct,Churn_Status,Churn_Date,Months_Active,Lifetime_Revenue
ECO00001,2026-03-18,Education,USA,Micro,11,Professional,99,Monthly,Referral,19,11.8,3.8,93.9,352.25,357.42,-1.47,Active,,6,594
ECO00002,2026-03-08,Hospitality,UK,Micro,15,Business,249,Monthly,Organic Search,15,10.7,3.8,91.1,686.64,717.06,-4.43,Active,,6,1494
ECO00003,2024-06-01,Technology,France,Medium,229,Professional,99,Monthly,Paid Search,19,8.0,2.9,85.1,6365.79,5801.43,8.87,Active,,27,2673
ECO00004,2026-08-03,Retail,USA,Medium,296,Starter,39,Monthly,Organic Search,21,5.0,3.0,87.9,10714.09,10714.09,0.0,Active,,1,39
ECO00005,2024-03-25,Professional Services,Australia,Micro,8,Professional,99,Annual,Organic Search,23,8.8,2.9,86.0,239.18,237.63,0.65,Churned,2024-10-31,8,792
ECO00006,2026-05-15,Technology,Canada,Medium,216,Starter,39,Annual,Referral,27,13.5,4.5,95.0,7108.9,6977.15,1.85,Active,,4,156
ECO00007,2025-12-13,Logistics,UK,Micro,7,Business,249,Annual,Organic Search,14,6.4,1.8,77.5,367.5,409.65,-11.47,Active,,9,2241
ECO00008,2025-02-16,Retail,Canada,Small,23,Business,249,Annual,Organic Search,17,8.8,2.9,87.6,719.92,696.69,3.23,Active,,19,4731
ECO00009,2025-09-13,Retail,UK,Micro,6,Business,249,Annual,LinkedIn,17,11.8,4.2,94.6,231.71,228.15,1.54,Active,,12,2988
ECO00010,2025-03-09,Manufacturing,UK,Small,66,Professional,99,Annual,Referral,23,11.4,3.7,96.4,4139.03,4200.3,-1.48,Active,,18,1782
ECO00011,2024-02-23,Logistics,UK,Medium,167,Starter,39,Annual,Paid Search,20,7.6,2.5,86.4,7973.46,7457.2,6.47,Churned,2025-11-30,22,858
ECO00012,2025-05-03,Retail,France,Large,1058,Business,249,Annual,LinkedIn,20,8.8,3.4,88.4,40528.83,36090.21,10.95,Active,,16,3984
ECO00013,2024-01-26,Logistics,USA,Small,63,Professional,99,Monthly,LinkedIn,24,11.4,4.2,96.1,2931.97,3010.2,-2.67,Churned,2024-05-31,5,495
ECO00014,2024-03-08,Logistics,UK,Medium,247,Starter,39,Annual,Paid Search,18,9.0,3.2,87.9,11012.47,11678.43,-6.05,Active,,30,1170
ECO00015,2025-05-15,Healthcare,USA,Small,47,Professional,99,Monthly,LinkedIn,21,10.0,3.4,88.6,2068.71,1984.3,4.08,Active,,16,1584
ECO00016,2025-10-21,Retail,UK,Medium,138,Business,249,Annual,LinkedIn,22,8.2,2.5,87.5,5527.24,5663.85,-2.47,Churned,2026-01-31,4,996
ECO00017,2025-10-09,Technology,UK,Small,41,Starter,39,Monthly,Outbound Sales,14,8.5,2.8,86.8,1192.39,1159.13,2.79,Active,,11,429
ECO00018,2025-10-06,Hospitality,Australia,Small,70,Starter,39,Annual,LinkedIn,26,9.0,3.1,88.3,2848.12,2905.13,-2.0,Churned,2026-04-30,7,273
ECO00019,2025-10-09,Technology,UK,Small,35,Business,249,Monthly,Partner,10,10.5,3.3,92.1,993.06,965.26,2.8,Active,,11,2739
ECO00020,2025-12-12,Technology,Germany,Large,628,Business,249,Annual,Partner,20,10.6,3.8,89.9,18815.53,18792.44,0.12,Active,,9,2241
ECO00021,2024-07-05,Retail,UK,Small,79,Starter,39,Annual,Referral,17,11.5,3.7,94.9,3293.14,2919.94,11.33,Active,,26,1014
ECO00022,2024-02-03,Hospitality,France,Small,61,Professional,99,Monthly,Referral,20,9.8,3.2,85.5,2317.35,2312.19,0.22,Churned,2024-06-30,5,495
ECO00023,2026-01-11,Technology,UK,Small,66,Business,249,Monthly,Partner,8,11.2,4.0,96.8,1966.76,1927.47,2.0,Active,,8,1992
ECO00024,2024-05-11,Manufacturing,UK,Small,48,Starter,39,Monthly,Referral,17,7.6,2.6,85.2,3459.31,3187.58,7.86,Churned,2026-07-31,27,1053
ECO00025,2025-05-26,Technology,France,Micro,5,Starter,39,Annual,LinkedIn,28,11.0,4.2,94.7,171.95,148.43,13.68,Active,,16,624
ECO00026,2025-07-22,Manufacturing,France,Medium,187,Business,249,Annual,Partner,24,12.6,4.0,94.6,11608.33,11433.6,1.51,Active,,14,3486
ECO00027,2026-03-01,Hospitality,Germany,Medium,281,Professional,99,Monthly,Organic Search,18,10.0,4.0,94.2,11941.52,11715.85,1.89,Active,,6,594
ECO00028,2024-10-13,Hospitality,Canada,Medium,115,Professional,99,Annual,LinkedIn,22,8.8,3.3,86.7,5122.02,4607.02,10.05,Active,,23,2277
ECO00029,2025-03-23,Hospitality,UK,Small,72,Professional,99,Monthly,Organic Search,17,9.9,3.7,89.4,3289.64,2890.71,12.13,Active,,18,1782
ECO00030,2025-02-07,Hospitality,UK,Small,47,Professional,99,Monthly,Organic Search,18,8.5,2.5,84.2,1815.79,1867.71,-2.86,Churned,2025-07-31,6,594
ECO00031,2024-02-26,Manufacturing,Canada,Medium,109,Professional,99,Monthly,Organic Search,31,11.8,3.9,95.6,7324.35,6542.86,10.67,Churned,2026-06-30,29,2871
ECO00032,2025-05-07,Hospitality,Netherlands,Medium,183,Starter,39,Annual,Outbound Sales,20,9.4,3.2,89.3,7415.02,6700.0,9.64,Active,,16,624
ECO00033,2026-03-11,Manufacturing,Germany,Micro,9,Starter,39,Monthly,Organic Search,5,10.0,2.7,90.0,618.05,606.24,1.91,Active,,6,234
ECO00034,2026-06-20,Logistics,USA,Small,62,Professional,99,Monthly,Organic Search,26,10.7,3.0,88.0,3660.54,3325.63,9.15,Active,,3,297
ECO00035,2024-01-24,Logistics,Germany,Small,56,Professional,99,Monthly,Referral,24,11.9,4.5,96.4,3291.27,3305.11,-0.42,Churned,2025-01-31,13,1287
ECO00036,2025-02-22,Manufacturing,UK,Small,35,Starter,39,Annual,Referral,20,11.8,4.2,94.1,2386.78,2260.27,5.3,Active,,19,741
ECO00037,2024-03-15,Healthcare,Netherlands,Micro,6,Starter,39,Monthly,LinkedIn,9,7.0,2.8,85.1,299.62,275.57,8.03,Churned,2025-10-31,20,780
ECO00038,2026-04-21,Professional Services,Germany,Small,49,Starter,39,Monthly,LinkedIn,12,6.6,2.8,80.3,1440.72,1379.73,4.23,Active,,5,195
ECO00039,2024-04-22,Logistics,USA,Small,25,Starter,39,Annual,Organic Search,17,10.3,3.7,93.6,1273.3,1279.31,-0.47,Churned,2025-01-31,10,390
ECO00040,2025-12-22,Manufacturing,UK,Micro,9,Professional,99,Monthly,Organic Search,13,7.9,3.0,85.7,596.62,563.62,5.53,Active,,9,891
ECO00041,2025-05-22,Manufacturing,UK,Small,79,Enterprise,699,Annual,Organic Search,18,6.9,2.8,82.1,5470.74,4959.31,9.35,Active,,16,11184
ECO00042,2026-06-03,Retail,France,Micro,18,Professional,99,Monthly,Outbound Sales,26,7.7,2.3,82.8,652.16,680.84,-4.4,Active,,3,297
ECO00043,2025-09-06,Healthcare,Germany,Small,63,Professional,99,Annual,Organic Search,18,10.8,3.8,93.3,3346.25,2902.91,13.25,Active,,12,1188
ECO00044,2024-10-15,Hospitality,Australia,Small,44,Professional,99,Annual,Partner,18,9.3,3.3,90.7,1920.6,1944.95,-1.27,Active,,23,2277
ECO00045,2024-10-25,Healthcare,France,Small,44,Starter,39,Monthly,Partner,15,9.3,2.5,88.8,2010.5,1951.47,2.94,Active,,23,897
ECO00046,2025-06-26,Professional Services,Canada,Small,41,Starter,39,Annual,Paid Search,17,9.5,3.2,86.7,1402.12,1336.95,4.65,Churned,2026-08-31,15,585
ECO00047,2024-04-25,Logistics,Netherlands,Medium,160,Starter,39,Annual,Outbound Sales,14,5.4,2.3,79.8,8218.6,8537.57,-3.88,Active,,29,1131
ECO00048,2025-07-17,Professional Services,Netherlands,Medium,211,Starter,39,Annual,Organic Search,17,9.6,3.1,90.1,6786.09,5896.16,13.11,Active,,14,546
ECO00049,2025-08-08,Retail,UK,Micro,11,Starter,39,Monthly,Organic Search,19,9.2,3.2,87.2,368.8,365.63,0.86,Churned,2026-01-31,6,234
ECO00050,2024-03-02,Healthcare,USA,Medium,233,Professional,99,Annual,Paid Search,13,10.5,3.6,95.8,9964.22,10341.97,-3.79,Churned,2024-12-31,10,990
ECO00051,2025-12-14,Technology,Canada,Medium,215,Starter,39,Annual,Partner,14,11.9,3.6,96.3,6866.77,6802.33,0.94,Active,,9,351
ECO00052,2025-05-20,Professional Services,UK,Small,77,Professional,99,Monthly,LinkedIn,21,11.0,3.6,93.3,2503.89,2659.49,-6.21,Active,,16,1584
ECO00053,2026-03-07,Retail,France,Small,22,Starter,39,Monthly,Outbound Sales,14,11.7,4.0,94.2,739.23,800.58,-8.3,Active,,6,234
ECO00054,2024-07-18,Retail,India,Small,69,Starter,39,Monthly,LinkedIn,22,7.7,2.9,85.1,2856.95,2608.83,8.68,Active,,26,1014
ECO00055,2024-11-20,Education,Netherlands,Small,53,Starter,39,Monthly,Referral,12,9.2,3.4,91.5,1605.23,1398.5,12.88,Active,,22,858
ECO00056,2024-05-22,Hospitality,UK,Medium,126,Professional,99,Monthly,LinkedIn,21,8.7,2.9,86.6,5119.94,4637.16,9.43,Active,,28,2772
ECO00057,2026-02-03,Logistics,UK,Medium,180,Starter,39,Monthly,Organic Search,27,11.4,3.6,94.9,8037.64,8338.16,-3.74,Active,,7,273
ECO00058,2024-09-20,Logistics,Canada,Small,76,Professional,99,Monthly,Outbound Sales,24,8.2,2.7,86.0,3997.66,3805.26,4.81,Active,,24,2376
ECO00059,2024-04-21,Manufacturing,USA,Micro,17,Professional,99,Annual,Organic Search,26,10.7,3.6,92.6,1158.27,1265.19,-9.23,Active,,29,2871
ECO00060,2024-12-25,Technology,India,Small,75,Business,249,Monthly,Partner,13,10.7,3.3,91.8,2078.82,2018.28,2.91,Churned,2025-06-30,7,1743
ECO00061,2025-02-20,Technology,UK,Medium,106,Enterprise,699,Annual,Organic Search,7,10.5,3.6,93.7,3026.17,3058.73,-1.08,Active,,19,13281
ECO00062,2026-02-17,Technology,UK,Medium,89,Enterprise,699,Annual,Partner,13,10.6,3.4,90.8,2461.21,2432.57,1.16,Active,,7,4893
ECO00063,2025-01-19,Healthcare,UK,Small,27,Business,249,Monthly,LinkedIn,16,8.8,2.6,87.9,1152.55,1019.44,11.55,Active,,20,4980
ECO00064,2025-10-14,Professional Services,Netherlands,Medium,218,Business,249,Monthly,Organic Search,17,12.2,3.6,96.5,7288.86,6919.17,5.07,Active,,11,2739
ECO00065,2024-01-05,Technology,India,Small,72,Starter,39,Annual,LinkedIn,16,10.8,3.6,92.4,2321.45,2011.49,13.35,Active,,32,1248
ECO00066,2025-12-19,Hospitality,Australia,Medium,172,Starter,39,Annual,Organic Search,17,7.0,2.4,86.5,7799.98,7447.31,4.52,Active,,9,351
ECO00067,2026-06-04,Hospitality,India,Large,852,Business,249,Annual,Outbound Sales,23,8.7,4.0,92.4,34240.01,35096.44,-2.5,Active,,3,747
ECO00068,2026-03-07,Technology,USA,Micro,18,Starter,39,Monthly,Paid Search,17,13.0,4.2,95.6,559.66,563.85,-0.75,Active,,6,234
ECO00069,2026-03-09,Technology,Canada,Small,62,Professional,99,Annual,Partner,21,10.5,3.2,91.5,1734.08,1539.56,11.22,Active,,6,594
ECO00070,2025-11-22,Technology,Canada,Small,48,Starter,39,Annual,LinkedIn,23,11.0,4.4,98.3,1354.97,1254.95,7.38,Churned,2026-03-31,5,195
ECO00071,2026-02-16,Technology,Canada,Medium,98,Professional,99,Annual,Outbound Sales,26,13.4,4.3,96.2,2819.33,2979.96,-5.7,Active,,7,693
ECO00072,2025-09-27,Retail,Australia,Small,26,Starter,39,Monthly,Paid Search,22,9.5,3.6,89.2,971.08,888.5,8.5,Active,,12,468
ECO00073,2024-02-26,Retail,UK,Micro,17,Starter,39,Monthly,LinkedIn,10,9.2,2.7,87.6,546.87,481.35,11.98,Churned,2024-10-31,9,351
ECO00074,2025-09-01,Technology,USA,Micro,8,Business,249,Annual,Organic Search,14,9.8,2.9,89.3,238.65,230.84,3.27,Active,,12,2988
ECO00075,2025-10-19,Technology,USA,Medium,173,Professional,99,Annual,Referral,21,11.6,3.8,95.2,4496.72,4598.47,-2.26,Active,,11,1089
ECO00076,2026-03-19,Professional Services,India,Micro,18,Professional,99,Monthly,Outbound Sales,25,9.2,3.0,87.5,618.98,561.19,9.34,Active,,6,594
ECO00077,2026-01-03,Education,USA,Small,20,Professional,99,Annual,Paid Search,18,8.2,2.8,87.8,577.99,553.7,4.2,Active,,8,792
ECO00078,2026-05-03,Professional Services,Germany,Micro,17,Professional,99,Monthly,Organic Search,15,6.0,2.0,85.2,499.39,543.63,-8.86,Active,,4,396
ECO00079,2025-05-19,Hospitality,UK,Micro,14,Starter,39,Annual,Paid Search,25,11.8,4.1,94.9,610.04,548.33,10.12,Active,,16,624
ECO00080,2025-08-19,Education,UK,Small,72,Starter,39,Monthly,Organic Search,20,11.2,4.2,94.6,2250.36,2191.66,2.61,Active,,13,507
ECO00081,2024-10-11,Technology,USA,Small,69,Starter,39,Monthly,LinkedIn,12,7.9,2.3,78.5,2073.59,2091.4,-0.86,Churned,2025-06-30,9,351
ECO00082,2026-01-02,Healthcare,France,Medium,299,Professional,99,Monthly,Organic Search,15,6.5,2.2,77.6,13156.82,12379.01,5.91,Active,,8,792
ECO00083,2024-05-14,Manufacturing,UK,Small,29,Starter,39,Monthly,Partner,20,10.9,3.2,93.1,2126.86,1825.6,14.16,Churned,2025-04-30,12,468
ECO00084,2025-08-16,Retail,UK,Small,71,Business,249,Monthly,Paid Search,19,11.1,4.5,95.0,2618.43,2558.15,2.3,Active,,13,3237
ECO00085,2024-04-21,Education,UK,Small,50,Professional,99,Monthly,Paid Search,14,9.8,3.3,89.0,1754.94,1636.53,6.75,Churned,2025-08-31,17,1683
ECO00086,2025-10-19,Manufacturing,France,Medium,140,Professional,99,Monthly,Paid Search,28,10.8,3.6,95.0,9634.58,9701.0,-0.69,Active,,11,1089
ECO00087,2025-10-06,Technology,Canada,Small,28,Starter,39,Monthly,Organic Search,25,11.0,3.4,93.1,748.41,693.55,7.33,Churned,2026-06-30,9,351
ECO00088,2024-01-04,Manufacturing,France,Medium,295,Starter,39,Annual,Paid Search,23,10.3,3.3,93.2,18693.14,17606.36,5.81,Churned,2025-02-28,14,546
ECO00089,2025-11-21,Professional Services,India,Medium,223,Business,249,Monthly,Outbound Sales,19,11.9,4.0,94.0,6030.71,6156.15,-2.08,Active,,10,2490
ECO00090,2025-03-06,Professional Services,UK,Small,63,Business,249,Monthly,Paid Search,19,7.6,2.7,83.7,1983.49,1788.15,9.85,Churned,2025-11-30,9,2241
ECO00091,2025-02-01,Education,UK,Micro,17,Starter,39,Annual,Organic Search,17,9.8,3.2,88.5,503.16,450.74,10.42,Active,,19,741
ECO00092,2026-06-17,Professional Services,UK,Small,39,Business,249,Monthly,LinkedIn,9,7.0,2.3,82.7,1208.0,1173.67,2.84,Active,,3,747
ECO00093,2025-12-05,Technology,USA,Medium,153,Business,249,Annual,Organic Search,13,8.1,3.0,90.1,4914.95,4591.48,6.58,Active,,9,2241
ECO00094,2025-12-20,Manufacturing,Canada,Small,48,Professional,99,Monthly,Referral,19,9.7,4.0,91.4,3261.66,2752.8,15.6,Churned,2026-06-30,7,693
ECO00095,2026-04-25,Professional Services,USA,Medium,206,Starter,39,Annual,Outbound Sales,7,8.6,2.8,84.1,6808.62,7481.63,-9.88,Active,,5,195
ECO00096,2026-06-11,Professional Services,Australia,Large,673,Business,249,Monthly,Outbound Sales,13,7.3,2.7,85.2,18122.79,18267.36,-0.8,Active,,3,747
ECO00097,2025-12-02,,UK,Medium,252,Starter,39,Monthly,Organic Search,10,8.4,2.9,86.2,12382.45,11008.99,11.09,Active,,9,351
ECO00098,2024-11-03,Hospitality,USA,Medium,91,Starter,39,Monthly,Partner,21,8.9,3.2,84.8,3484.22,3516.9,-0.94,Churned,2026-01-31,15,585
ECO00099,2024-09-03,Professional Services,USA,Medium,299,Professional,99,Annual,Organic Search,11,11.1,3.5,91.2,9920.18,8363.72,15.69,Active,,24,2376
ECO00100,2024-03-03,Hospitality,UK,Small,48,Professional,99,Annual,Paid Search,19,11.9,4.1,93.8,2104.88,1949.74,7.37,Active,,30,2970
ECO00101,2024-02-16,Hospitality,USA,Medium,102,Starter,39,Annual,Organic Search,23,10.2,3.4,88.4,4443.78,4062.63,8.58,Active,,31,1209
ECO00102,2024-02-20,Hospitality,Germany,Small,21,Enterprise,699,Monthly,Referral,19,12.1,4.1,95.3,935.46,829.83,11.29,Active,,31,21669
ECO00103,2025-08-20,Healthcare,USA,Micro,8,Starter,39,Annual,LinkedIn,14,8.2,2.5,85.6,358.96,326.47,9.05,Active,,13,507
ECO00104,2025-07-16,Hospitality,Netherlands,Micro,17,Starter,39,Annual,Organic Search,25,10.4,3.2,91.5,675.76,645.57,4.47,Active,,14,546
ECO00105,2026-03-12,Education,UK,Small,70,Professional,99,Annual,Organic Search,11,10.7,2.8,89.8,2049.86,2032.65,0.84,Active,,6,594
ECO00106,2025-12-08,Education,Netherlands,Small,58,Business,249,Monthly,Paid Search,26,9.9,3.7,92.6,1917.49,1801.88,6.03,Active,,9,2241
ECO00107,2025-09-18,Healthcare,France,Micro,10,Professional,99,Monthly,Referral,20,11.3,4.0,93.1,492.59,449.09,8.83,Active,,12,1188
ECO00108,2026-07-24,Healthcare,UK,Micro,19,Business,249,Annual,Organic Search,11,10.0,3.0,88.9,842.01,858.27,-1.93,Active,,2,498
ECO00109,2025-08-18,Manufacturing,UK,Medium,171,Enterprise,699,Monthly,LinkedIn,23,8.8,3.5,86.1,11501.72,11745.39,-2.12,Active,,13,9087
ECO00110,2025-01-23,Education,India,Small,52,Business,249,Monthly,Paid Search,23,9.8,3.3,91.6,1745.27,1695.04,2.88,Active,,20,4980
ECO00111,2024-09-27,Education,UK,Medium,143,Starter,39,Monthly,Organic Search,28,10.2,3.9,92.8,4503.63,3650.96,18.93,Active,,24,936
ECO00112,2026-06-10,Retail,India,Medium,125,Starter,39,Monthly,Outbound Sales,18,7.0,3.7,90.1,4930.46,4571.21,7.29,Active,,3,117
ECO00113,2026-05-09,Hospitality,France,Medium,86,Professional,99,Annual,Paid Search,16,8.2,3.8,88.5,3981.0,3974.53,0.16,Active,,4,396
ECO00114,2025-07-20,Retail,UK,Medium,154,Starter,39,Monthly,Organic Search,23,10.1,3.1,90.8,5393.67,5374.49,0.36,Active,,14,546
ECO00115,2026-05-16,Education,UK,Small,66,Starter,39,Monthly,LinkedIn,18,11.2,3.5,89.1,1925.06,1971.69,-2.42,Active,,4,156
ECO00116,2024-12-25,Technology,UK,Medium,282,Enterprise,699,Monthly,Paid Search,18,11.0,3.0,90.6,8755.01,9954.02,-13.7,Churned,2025-01-31,2,1398
ECO00117,2026-05-26,Professional Services,Netherlands,Micro,17,Business,249,Annual,Paid Search,24,8.8,3.2,88.7,475.23,482.1,-1.45,Active,,4,996
ECO00118,2026-01-10,Education,UK,Large,311,Enterprise,699,Monthly,Organic Search,15,12.0,4.0,92.7,10371.13,9684.36,6.62,Churned,2026-03-31,3,2097
ECO00119,2026-07-20,Hospitality,USA,Small,41,Professional,99,Annual,Outbound Sales,18,8.0,3.5,95.4,1738.46,1740.7,-0.13,Active,,2,198
ECO00120,2025-10-26,Professional Services,UK,Micro,14,Business,249,Monthly,LinkedIn,12,9.2,2.2,83.7,429.24,423.88,1.25,Churned,2026-02-28,5,1245
ECO00121,2024-01-25,Professional Services,India,Small,72,Business,249,Annual,Outbound Sales,22,11.7,3.9,92.7,2244.52,2250.87,-0.28,Active,,32,7968
ECO00122,2024-12-27,Logistics,Germany,Large,1022,Enterprise,699,Annual,Organic Search,13,10.6,3.7,90.6,51105.19,47607.16,6.84,Active,,21,14679
ECO00123,2025-12-08,Retail,USA,Micro,7,Business,249,Monthly,Partner,18,12.3,4.3,95.6,241.83,228.47,5.52,Active,,9,2241
ECO00124,2024-03-22,Hospitality,USA,Micro,18,Business,249,Monthly,Referral,13,9.7,3.5,89.9,812.96,760.13,6.5,Active,,30,7470
ECO00125,2026-04-03,Manufacturing,UK,Micro,8,Professional,99,Monthly,Referral,16,8.6,2.8,90.6,540.25,506.3,6.28,Active,,5,495
ECO00126,2026-01-27,Technology,UK,Micro,10,Professional,99,Monthly,Organic Search,15,9.5,3.1,85.2,314.52,318.09,-1.14,Active,,8,792
ECO00127,2026-04-26,Education,Canada,Micro,18,Starter,39,Monthly,Referral,23,12.8,4.2,96.4,520.46,545.21,-4.76,Active,,5,195
ECO00128,2025-07-01,Logistics,Germany,Small,27,Starter,39,Monthly,Partner,16,7.1,2.4,81.8,1359.55,1326.26,2.45,Active,,14,546
ECO00129,2026-02-10,Hospitality,UK,Small,50,Professional,99,Monthly,Organic Search,14,8.0,3.0,88.3,2042.96,2137.2,-4.61,Churned,2026-03-31,2,198
ECO00130,2024-12-11,Professional Services,UK,Medium,294,Business,249,Monthly,Organic Search,16,10.4,3.4,94.6,7676.8,8317.55,-8.35,Churned,2025-04-30,5,1245
ECO00131,2024-10-27,Technology,Germany,Small,56,Business,249,Annual,Organic Search,7,9.4,2.9,89.6,1586.74,1547.35,2.48,Active,,23,5727
ECO00132,2025-01-20,Technology,France,Small,74,Starter,39,Annual,Referral,15,11.3,4.0,93.7,2161.82,2118.56,2.0,Active,,20,780
ECO00133,2025-02-26,Retail,Canada,Small,77,Business,249,Monthly,Partner,9,11.7,3.6,95.5,2800.29,2508.75,10.41,Active,,19,4731
ECO00134,2025-08-26,Retail,UK,Micro,18,Business,249,Annual,LinkedIn,9,10.7,3.4,93.8,635.38,625.99,1.48,Active,,13,3237
ECO00135,2024-12-01,Hospitality,Germany,Small,65,Professional,99,Annual,LinkedIn,19,12.0,4.1,95.1,3051.09,2691.84,11.77,Active,,21,2079
ECO00136,2024-08-22,Professional Services,USA,Micro,18,Business,249,Monthly,LinkedIn,14,10.2,4.2,91.0,534.38,458.22,14.25,Active,,25,6225
ECO00137,2026-05-12,Logistics,Netherlands,Micro,13,Professional,99,Annual,Outbound Sales,26,11.0,3.0,91.8,657.05,653.7,0.51,Active,,4,396
ECO00138,2025-09-09,Technology,India,Micro,13,Business,249,Monthly,Organic Search,19,10.6,4.0,94.5,442.61,380.18,14.1,Active,,12,2988
ECO00139,2026-03-27,Retail,Germany,Small,55,Professional,99,Annual,LinkedIn,5,12.0,4.0,93.9,1888.11,1925.41,-1.98,Active,,6,594
ECO00140,2026-04-04,Healthcare,Australia,Small,22,Starter,39,Annual,Paid Search,18,12.0,2.0,91.2,1029.36,1042.23,-1.25,Churned,2026-05-31,2,78
ECO00141,2024-10-02,Retail,Australia,Large,437,Enterprise,699,Monthly,Paid Search,18,11.0,2.0,87.1,16297.49,16458.82,-0.99,Churned,2024-11-30,2,1398
ECO00142,2025-03-01,Professional Services,India,Medium,161,Enterprise,699,Annual,Organic Search,22,9.8,3.6,90.4,5324.54,5020.6,5.71,Active,,18,12582
ECO00143,2025-03-13,Hospitality,France,Small,45,Starter,39,Annual,Outbound Sales,21,10.9,3.7,93.8,1703.91,1463.55,14.11,Active,,18,702
ECO00144,2024-06-19,Manufacturing,USA,Medium,274,Professional,99,Monthly,Paid Search,32,10.8,3.3,91.7,19182.61,17637.85,8.05,Churned,2024-11-30,6,594
ECO00145,2025-10-15,Retail,Germany,Medium,154,Professional,99,Monthly,LinkedIn,19,8.2,2.8,82.0,5423.09,4889.63,9.84,Active,,11,1089
ECO00146,2026-05-17,Retail,UK,Micro,18,Business,249,Monthly,Paid Search,16,10.5,3.2,89.0,645.43,581.68,9.88,Active,,4,996
ECO00147,2024-09-17,Retail,UK,Small,57,Professional,99,Annual,LinkedIn,10,12.6,3.7,95.2,1938.74,1703.24,12.15,Active,,24,2376
ECO00148,2026-07-12,Logistics,Canada,Medium,143,Starter,39,Annual,Partner,9,10.0,3.5,94.9,7484.5,7205.02,3.73,Active,,2,78
ECO00149,2026-05-16,Education,Australia,Medium,85,Starter,39,Annual,Outbound Sales,16,7.0,2.0,78.4,2516.5,2474.12,1.68,Active,,4,156
ECO00150,2025-05-25,Retail,USA,Small,20,Starter,39,Annual,Paid Search,25,10.9,4.1,92.5,736.69,631.78,14.24,Active,,16,624
ECO00151,2026-08-23,Professional Services,India,Small,47,Starter,39,Monthly,Partner,17,6.0,1.0,86.6,1553.82,1553.82,0.0,Active,,1,39
ECO00152,2025-04-18,Professional Services,Canada,Small,58,Enterprise,699,Monthly,,5,11.3,4.1,92.2,1681.06,1641.26,2.37,Churned,2025-10-31,7,4893
ECO00153,2025-07-12,Professional Services,India,Medium,124,Business,249,Monthly,Referral,20,8.1,3.3,86.1,4021.6,3901.56,2.98,Churned,2026-01-31,7,1743
ECO00154,2024-01-26,Manufacturing,UK,Medium,87,Professional,99,Monthly,Paid Search,12,8.4,2.5,87.4,6522.52,6039.85,7.4,Churned,2024-10-31,10,990
ECO00155,2024-10-13,Retail,Germany,Medium,117,Starter,39,Annual,Outbound Sales,21,5.4,2.0,80.0,3869.26,3908.51,-1.01,Churned,2025-05-31,8,312
ECO00156,2025-06-06,Technology,USA,Small,40,Starter,39,Monthly,LinkedIn,27,10.3,3.4,93.2,1316.26,1258.55,4.38,Active,,15,585
ECO00157,2025-10-04,Healthcare,USA,Small,52,Starter,39,Monthly,LinkedIn,19,9.5,3.0,84.9,2417.89,2257.91,6.62,Active,,11,429
ECO00158,2026-03-02,Logistics,India,Small,75,Professional,99,Monthly,Organic Search,23,9.8,2.5,89.1,3591.07,3315.09,7.69,Active,,6,594
ECO00159,2025-12-18,Retail,Germany,Large,564,Business,249,Annual,Outbound Sales,22,12.0,3.9,94.4,20343.87,21208.96,-4.25,Active,,9,2241
ECO00160,2026-03-18,Manufacturing,Germany,Small,79,Professional,99,Monthly,Organic Search,18,14.7,3.7,95.1,5195.37,5460.18,-5.1,Active,,6,594
ECO00161,2025-05-25,Retail,UK,Small,26,Professional,99,Annual,Organic Search,20,11.8,3.7,94.2,1002.44,892.76,10.94,Active,,16,1584
ECO00162,2024-09-21,Manufacturing,France,Micro,5,Business,249,Annual,Organic Search,20,9.7,3.1,89.8,337.78,320.32,5.17,Active,,24,5976
ECO00163,2026-04-11,Professional Services,France,Micro,13,Starter,39,Annual,Partner,8,9.2,3.6,86.5,349.66,344.5,1.48,Active,,5,195
ECO00164,2024-11-11,Professional Services,USA,Medium,266,Starter,39,Annual,Referral,23,10.2,3.4,89.5,7775.11,7354.31,5.41,Churned,2026-06-30,20,780
ECO00165,2025-10-23,Professional Services,USA,Micro,9,Professional,99,Annual,LinkedIn,16,10.3,2.9,88.0,280.16,281.19,-0.37,Churned,2026-07-31,10,990
ECO00166,2024-07-11,Logistics,India,Medium,128,Professional,99,Annual,Partner,5,11.9,4.2,95.5,7341.86,6711.07,8.59,Active,,26,2574
ECO00167,2026-07-20,Healthcare,India,Medium,231,Professional,99,Monthly,Paid Search,32,13.0,4.5,96.9,10689.88,10440.97,2.33,Active,,2,198
ECO00168,2024-10-16,Logistics,France,Small,27,Starter,39,Annual,Organic Search,15,9.7,3.0,90.4,1322.34,1223.92,7.44,Active,,23,897
ECO00169,2025-09-20,Retail,India,Small,56,Business,249,Annual,Paid Search,25,12.2,3.8,93.5,2063.62,1849.12,10.39,Active,,12,2988
ECO00170,2024-07-12,Retail,UK,Micro,18,Professional,99,Monthly,Partner,11,7.7,2.0,83.0,700.09,667.84,4.61,Churned,2025-09-30,15,1485
ECO00171,2024-07-07,Logistics,India,Medium,217,Business,249,Annual,Referral,16,10.7,3.7,93.9,11275.77,11870.25,-5.27,Active,,26,6474
ECO00172,2026-07-27,Retail,UK,Small,72,Starter,39,Annual,Referral,20,12.0,3.5,98.7,2566.51,2575.84,-0.36,Active,,2,78
ECO00173,2025-12-06,Professional Services,USA,Medium,187,Starter,39,Monthly,LinkedIn,15,9.1,2.9,90.8,5746.03,5500.84,4.27,Active,,9,351
ECO00174,2025-04-22,Retail,UK,Medium,114,Professional,99,Annual,LinkedIn,22,11.4,4.2,94.4,4315.2,3904.35,9.52,Active,,17,1683
ECO00175,2025-05-25,Education,France,Medium,220,Professional,99,Annual,Paid Search,18,8.9,3.0,85.9,6845.32,7204.88,-5.25,Churned,2025-12-31,8,792
ECO00176,2026-06-07,Manufacturing,USA,Micro,13,Starter,39,Annual,Organic Search,19,6.7,2.0,84.2,841.31,823.4,2.13,Active,,3,117
ECO00177,2024-12-27,Technology,India,Micro,8,Professional,99,Annual,Organic Search,15,7.1,2.1,82.3,249.3,223.82,10.22,Churned,2025-12-31,13,1287
ECO00178,2024-05-08,Logistics,Germany,Medium,296,Business,249,Monthly,Organic Search,19,12.1,3.6,92.6,13740.43,13074.88,4.84,Churned,2025-05-31,13,3237
ECO00179,2024-03-10,Professional Services,India,Micro,6,Starter,39,Annual,Referral,24,11.0,3.4,90.2,163.01,159.6,2.09,Active,,30,1170
ECO00180,2024-07-12,Professional Services,India,Medium,208,Professional,99,Monthly,Organic Search,13,9.3,3.7,90.1,5714.57,5474.3,4.2,Churned,2025-09-30,15,1485
ECO00181,2024-06-21,Manufacturing,India,Medium,157,Business,249,Monthly,Organic Search,25,8.7,2.9,86.2,10701.66,10104.92,5.58,Active,,27,6723
ECO00182,2026-04-24,Education,USA,Medium,277,Starter,39,Annual,Organic Search,9,9.6,3.2,92.6,8332.04,8372.76,-0.49,Active,,5,195
ECO00183,2024-07-18,Education,France,Small,25,Business,249,Annual,Paid Search,25,9.3,2.8,89.0,802.39,687.89,14.27,Active,,26,6474
ECO00184,2026-07-04,Healthcare,India,Small,30,Business,249,Monthly,Partner,19,11.5,5.0,94.6,1446.16,1340.84,7.28,Active,,2,498
ECO00185,2024-09-08,Hospitality,UK,Small,40,Enterprise,699,Monthly,LinkedIn,10,9.4,3.2,90.2,1844.69,1639.06,11.15,Active,,24,16776
ECO00186,2026-02-24,Healthcare,Netherlands,Medium,172,Starter,39,Monthly,Referral,16,9.4,3.1,92.6,7648.91,7007.49,8.39,Active,,7,273
ECO00187,2025-02-01,Retail,UK,Small,59,Professional,99,Monthly,Referral,9,11.9,3.7,95.5,2222.35,1879.85,15.41,Active,,19,1881
ECO00188,2025-12-14,Retail,UK,Small,66,Professional,99,Annual,Organic Search,20,11.8,4.0,95.6,2442.8,2527.2,-3.46,Active,,9,891
ECO00189,2025-12-16,Retail,India,Small,33,Starter,39,Monthly,Referral,30,10.0,5.0,92.9,1085.29,1087.28,-0.18,Churned,2026-04-30,5,195
ECO00190,2025-09-24,Logistics,USA,Small,75,Professional,99,Annual,LinkedIn,13,13.6,4.0,95.6,3334.54,3177.74,4.7,Active,,12,1188
ECO00191,2024-12-21,Retail,UK,Small,71,Starter,39,Annual,Organic Search,12,8.6,3.3,90.3,2885.6,2603.39,9.78,Active,,21,819
ECO00192,2026-07-09,Technology,USA,Micro,19,Professional,99,Annual,Organic Search,11,9.5,4.0,91.6,518.0,518.97,-0.19,Active,,2,198
ECO00193,2026-02-11,Education,Germany,Small,60,Business,249,Monthly,Paid Search,11,9.4,2.3,86.7,1945.28,1673.32,13.98,Active,,7,1743
ECO00194,2025-10-05,Education,Canada,Medium,294,Business,249,Annual,LinkedIn,8,10.5,3.8,88.4,8271.83,7802.35,5.68,Active,,11,2739
ECO00195,2024-07-05,Professional Services,USA,Micro,9,Starter,39,Monthly,LinkedIn,25,8.5,2.6,87.7,247.6,223.92,9.56,Active,,26,1014
ECO00196,2025-06-15,Hospitality,Germany,Medium,107,Professional,99,Monthly,Paid Search,11,11.1,3.7,92.9,4399.45,4098.7,6.84,Active,,15,1485
ECO00197,2025-11-11,Education,Canada,Medium,245,Business,249,Monthly,Partner,16,11.5,5.0,90.4,7881.72,6911.16,12.31,Churned,2025-12-31,2,498
ECO00198,2024-10-14,Education,France,Small,69,Business,249,Monthly,Paid Search,17,10.0,3.3,87.5,2527.54,2198.05,13.04,Churned,2025-11-30,14,3486
ECO00199,2026-05-07,Logistics,France,Medium,138,Starter,39,Monthly,Organic Search,19,10.0,3.0,92.8,7447.69,7660.3,-2.85,Active,,4,156
ECO00200,2026-07-12,Technology,India,Medium,105,Professional,99,Monthly,Partner,16,12.5,2.5,91.4,3506.77,3603.05,-2.75,Active,,2,198
ECO00201,2025-12-03,Retail,UK,Small,69,Professional,99,Monthly,Partner,15,12.6,4.0,96.8,2423.61,2397.94,1.06,Active,,9,891
ECO00202,2026-04-22,Technology,UK,Small,61,Professional,99,Monthly,Partner,8,6.4,2.4,79.2,1770.25,1791.38,-1.19,Active,,5,495
ECO00203,2026-07-15,Manufacturing,USA,Small,29,Professional,99,Annual,Paid Search,17,11.5,2.0,89.2,1905.84,1937.4,-1.66,Active,,2,198
ECO00204,2025-10-05,Hospitality,UK,Small,78,Starter,39,Monthly,LinkedIn,19,8.4,3.2,88.8,3614.72,3241.21,10.33,Active,,11,429
ECO00205,2024-09-01,Technology,France,Micro,12,Business,249,Annual,Organic Search,20,7.7,2.6,85.4,338.31,303.94,10.16,Active,,24,5976
ECO00206,2026-05-14,Manufacturing,USA,Medium,167,Starter,39,Monthly,LinkedIn,28,8.8,2.5,80.3,13185.4,12480.32,5.35,Active,,4,156
ECO00207,2026-06-17,Technology,USA,Medium,298,Starter,39,Monthly,Organic Search,13,11.0,2.7,87.2,8434.0,8246.97,2.22,Active,,3,117
ECO00208,2026-06-05,Manufacturing,Netherlands,Micro,11,Starter,39,Annual,LinkedIn,24,14.0,3.7,94.2,749.69,691.42,7.77,Active,,3,117
ECO00209,2026-04-05,Technology,USA,Small,63,Starter,39,Monthly,LinkedIn,16,5.8,1.6,73.0,1883.88,1980.49,-5.13,Active,,5,195
ECO00210,2024-08-17,Manufacturing,Canada,Micro,9,Business,249,Annual,Referral,11,10.7,3.5,90.6,614.83,510.45,16.98,Active,,25,6225
ECO00211,2025-09-13,Education,UK,Small,29,Starter,39,Annual,Organic Search,15,10.9,3.2,89.3,819.14,787.81,3.82,Active,,12,468
ECO00212,2024-10-21,Logistics,India,Large,869,Professional,99,Monthly,Organic Search,13,9.0,3.2,89.0,42016.02,38967.15,7.26,Active,,23,2277
ECO00213,2026-04-09,Technology,India,Micro,6,Professional,99,Monthly,Organic Search,8,8.8,2.2,85.5,167.28,177.14,-5.89,Active,,5,495
ECO00214,2025-02-04,Healthcare,Canada,Medium,92,Starter,39,Annual,Organic Search,15,10.6,3.6,89.6,4324.32,4263.13,1.42,Churned,2025-06-30,5,195
ECO00215,2024-05-05,Manufacturing,UK,Large,1008,Enterprise,699,Annual,LinkedIn,22,6.2,2.3,81.6,73883.46,59327.34,19.7,Active,,28,19572
ECO00216,2024-04-19,Healthcare,India,Small,39,Professional,99,Annual,LinkedIn,14,11.8,3.8,95.5,1799.66,1650.95,8.26,Active,,29,2871
ECO00217,2025-07-22,Healthcare,USA,Medium,111,Business,249,Monthly,LinkedIn,12,6.7,2.6,84.1,4856.85,5235.59,-7.8,Active,,14,3486
ECO00218,2025-03-07,Technology,Canada,Small,29,Professional,99,Annual,Organic Search,13,9.2,2.1,84.2,734.97,738.96,-0.54,Churned,2026-03-31,13,1287
ECO00219,2024-05-22,Logistics,UK,Micro,6,Business,249,Monthly,Organic Search,11,8.2,3.0,85.4,299.89,280.91,6.33,Active,,28,6972
ECO00220,2025-06-11,Education,Germany,Medium,241,Starter,39,Annual,LinkedIn,23,11.9,4.3,94.8,8136.79,7422.06,8.78,Active,,15,585
ECO00221,2025-03-26,Logistics,France,Small,60,Starter,39,Annual,Paid Search,12,8.2,2.7,88.5,3402.67,3080.03,9.48,Active,,18,702
ECO00222,2026-03-07,Hospitality,UK,Small,43,Enterprise,699,Annual,Referral,23,8.2,2.3,85.1,1950.27,1893.7,2.9,Active,,6,4194
ECO00223,2024-09-22,Hospitality,Germany,Medium,213,Enterprise,699,Monthly,Referral,16,10.9,3.9,95.8,8241.41,7111.85,13.71,Active,,24,16776
ECO00224,2025-09-26,Healthcare,UK,Small,42,Starter,39,Annual,Paid Search,16,7.8,2.8,85.4,2114.82,1973.35,6.69,Active,,12,468
ECO00225,2026-01-25,Hospitality,Germany,Small,68,Starter,39,Annual,Referral,16,11.4,4.0,92.9,2721.43,2682.0,1.45,Churned,2026-05-31,5,195
ECO00226,2026-05-07,Retail,India,Medium,248,Starter,39,Monthly,Outbound Sales,17,9.0,3.2,89.9,8725.45,8285.5,5.04,Active,,4,156
ECO00227,2025-07-27,Technology,UK,Small,42,Enterprise,699,Monthly,Outbound Sales,5,9.9,3.1,93.7,1099.89,1152.19,-4.76,Active,,14,9786
ECO00228,2024-04-04,Technology,UK,Small,61,Professional,99,Monthly,LinkedIn,19,10.3,3.3,90.2,1699.36,1604.61,5.58,Active,,29,2871
ECO00229,2024-04-22,Hospitality,Germany,Small,28,Starter,39,Annual,Referral,10,12.0,4.0,94.9,1255.85,1171.52,6.71,Active,,29,1131
ECO00230,2026-01-23,Retail,Netherlands,Small,41,Professional,99,Annual,Organic Search,16,11.4,3.9,93.9,1464.89,1445.93,1.29,Active,,8,792
ECO00231,2025-01-05,Retail,Germany,Small,63,Business,249,Monthly,LinkedIn,7,9.3,2.8,88.3,1933.09,1936.51,-0.18,Active,,20,4980
ECO00232,2025-10-27,Retail,France,Small,30,Professional,99,Annual,Organic Search,12,9.1,2.7,87.5,966.04,969.49,-0.36,Active,,11,1089
ECO00233,2025-12-07,Hospitality,UK,Micro,5,Professional,99,Monthly,LinkedIn,12,12.1,4.1,93.6,208.28,206.13,1.03,Active,,9,891
ECO00234,2025-04-02,Logistics,UK,Medium,153,Professional,99,Annual,Outbound Sales,25,11.1,3.5,92.7,7467.61,7224.13,3.26,Active,,17,1683
ECO00235,2024-09-04,Technology,Netherlands,Medium,145,Starter,39,Annual,Referral,25,8.2,2.7,85.4,3800.85,3803.58,-0.07,Active,,24,936
ECO00236,2026-03-02,Professional Services,Canada,Small,23,Starter,39,Monthly,LinkedIn,12,11.2,3.2,94.4,650.32,688.8,-5.92,Churned,2026-06-30,4,156
ECO00237,2026-08-25,Hospitality,USA,Small,62,Professional,99,Annual,Outbound Sales,10,10.0,4.0,87.2,2417.23,2417.23,0.0,Active,,1,99
ECO00238,2025-03-11,Technology,USA,Small,66,Professional,99,Monthly,Organic Search,5,7.7,2.6,81.6,1758.36,1753.13,0.3,Active,,18,1782
ECO00239,2026-04-18,Professional Services,Germany,Small,75,Starter,39,Monthly,Outbound Sales,14,8.8,2.8,87.9,2288.9,2234.35,2.38,Churned,2026-07-31,4,156
ECO00240,2025-05-27,Retail,France,Small,27,Professional,99,Monthly,Paid Search,15,10.1,2.7,87.8,921.26,875.37,4.98,Active,,16,1584
ECO00241,2024-09-15,Professional Services,UK,Micro,5,Starter,39,Monthly,Partner,16,10.8,3.2,90.2,149.3,151.54,-1.5,Churned,2025-01-31,5,195
ECO00242,2024-08-06,Healthcare,France,Small,50,Business,249,Monthly,Organic Search,11,10.3,3.5,94.1,2541.87,2298.71,9.57,Active,,25,6225
ECO00243,2024-08-01,Manufacturing,USA,Medium,83,Starter,39,Annual,Referral,14,12.2,3.3,94.7,5406.74,5034.92,6.88,Active,,25,975
ECO00244,2025-10-18,Manufacturing,UK,Small,33,Professional,99,Monthly,LinkedIn,22,10.1,3.5,91.9,2217.05,2255.0,-1.71,Active,,11,1089
ECO00245,2026-06-22,Manufacturing,USA,Small,78,Business,249,Annual,,6,13.3,3.7,94.6,5567.58,5183.46,6.9,Active,,3,747
ECO00246,2025-02-25,Manufacturing,UK,Small,78,Starter,39,Annual,LinkedIn,20,7.8,3.8,94.0,6813.27,5844.27,14.22,Churned,2025-06-30,5,195
ECO00247,2025-12-09,Education,India,Micro,12,Starter,39,Annual,Referral,18,9.8,3.2,86.7,400.79,369.65,7.77,Active,,9,351
ECO00248,2024-07-20,Hospitality,USA,Small,66,Professional,99,Annual,Referral,13,11.5,4.4,95.3,2492.99,2712.9,-8.82,Churned,2025-02-28,8,792
ECO00249,2026-06-20,Technology,USA,Small,67,Enterprise,699,Monthly,Partner,13,12.3,4.0,92.2,2225.46,2280.45,-2.47,Active,,3,2097
ECO00250,2025-07-10,Education,USA,Micro,14,Professional,99,Annual,Referral,13,11.3,3.7,94.7,437.54,412.62,5.7,Churned,2025-09-30,3,297
ECO00251,2026-05-11,Retail,UK,Medium,149,Starter,39,Annual,LinkedIn,12,10.0,3.8,93.6,5387.42,4525.9,15.99,Active,,4,156
ECO00252,2024-12-17,Technology,USA,Small,66,Starter,39,Monthly,Outbound Sales,18,8.2,2.9,85.5,1914.48,1698.15,11.3,Churned,2026-04-30,17,663
ECO00253,2025-07-01,Retail,France,Micro,9,Starter,39,Annual,Partner,10,9.2,3.1,90.5,337.04,330.74,1.87,Active,,14,546
ECO00254,2025-06-10,Education,France,Micro,18,Professional,99,Monthly,LinkedIn,13,12.1,3.9,95.9,487.42,453.13,7.04,Active,,15,1485
ECO00255,2024-10-06,Technology,Netherlands,Small,65,Starter,39,Annual,LinkedIn,16,6.7,2.5,83.1,1796.03,1661.35,7.5,Active,,23,897
ECO00256,2026-07-16,Retail,Netherlands,Micro,11,Business,249,Monthly,Outbound Sales,16,10.5,2.5,94.6,365.52,408.38,-11.73,Active,,2,498
ECO00257,2026-05-25,Manufacturing,UK,Medium,82,Business,249,Annual,Partner,24,12.2,4.2,92.9,5120.9,5331.23,-4.11,Active,,4,996
ECO00258,2024-04-16,Logistics,UK,Small,66,Professional,99,Annual,Outbound Sales,30,8.8,3.1,89.5,3519.54,3089.61,12.22,Active,,29,2871
ECO00259,2025-05-18,Hospitality,UK,Small,44,Professional,99,Monthly,Organic Search,9,10.4,3.7,92.1,1952.99,1826.65,6.47,Active,,16,1584
ECO00260,2025-07-15,Retail,France,Small,28,Business,249,Annual,Referral,22,11.6,3.6,91.3,1051.21,1047.25,0.38,Active,,14,3486
ECO00261,2026-08-15,Hospitality,UK,Small,61,Professional,99,Annual,Outbound Sales,13,6.0,4.0,78.2,2509.31,2509.31,0.0,Active,,1,99
ECO00262,2024-07-18,Technology,Netherlands,Small,34,Starter,39,Monthly,Referral,17,11.7,3.5,95.5,1021.99,1092.12,-6.86,Active,,26,1014
ECO00263,2026-06-06,Technology,UK,Small,78,Business,249,Annual,LinkedIn,20,10.7,2.3,87.0,2436.62,2440.63,-0.16,Active,,3,747
ECO00264,2025-02-23,Technology,Canada,Small,35,Professional,99,Monthly,Referral,15,10.5,3.0,93.0,1072.72,1038.86,3.16,Churned,2025-05-31,4,396
ECO00265,2024-09-19,Manufacturing,UK,Large,1135,Business,249,Annual,LinkedIn,24,12.5,3.8,95.7,74455.83,65388.93,12.18,Active,,24,5976
ECO00266,2024-11-18,Professional Services,Netherlands,Large,972,Enterprise,699,Monthly,Paid Search,14,11.1,3.8,91.8,31055.3,27166.07,12.52,Active,,22,15378
ECO00267,2026-02-14,Technology,UK,Micro,10,Starter,39,Monthly,Paid Search,14,11.5,3.0,92.1,300.03,290.89,3.05,Churned,2026-03-31,2,78
ECO00268,2026-03-02,Hospitality,USA,Micro,8,Business,249,Annual,Referral,14,5.5,3.2,86.2,356.6,340.19,4.6,Active,,6,1494
ECO00269,2025-03-10,Professional Services,USA,Medium,140,Starter,39,Monthly,Referral,15,8.6,2.7,84.2,4262.49,4267.01,-0.11,Churned,2025-11-30,9,351
ECO00270,2025-06-17,Retail,India,Small,68,Starter,39,Monthly,Partner,15,11.2,4.5,94.6,2528.03,2359.61,6.66,Churned,2026-05-31,12,468
ECO00271,2024-09-03,Education,Germany,Medium,281,Starter,39,Annual,Outbound Sales,18,9.2,3.3,87.5,9552.01,8494.78,11.07,Active,,24,936
ECO00272,2024-02-23,Technology,Netherlands,Small,34,Starter,39,Monthly,Organic Search,12,6.9,2.0,81.6,972.93,963.85,0.93,Churned,2025-03-31,14,546
ECO00273,2025-06-14,Education,Netherlands,Large,888,Business,249,Annual,Organic Search,18,4.5,2.8,84.1,27819.74,29392.58,-5.65,Churned,2025-09-30,4,996
ECO00274,2025-06-05,Manufacturing,India,Large,469,Enterprise,699,Monthly,LinkedIn,29,11.8,4.4,94.0,31211.7,29224.42,6.37,Churned,2026-03-31,10,6990
ECO00275,2025-04-26,Logistics,Canada,Small,70,Professional,99,Annual,Paid Search,17,9.5,3.2,88.7,4233.95,3842.72,9.24,Active,,17,1683
ECO00276,2024-08-15,Manufacturing,Netherlands,Micro,9,Starter,39,Annual,Paid Search,22,11.2,3.3,91.8,622.04,625.88,-0.62,Churned,2025-01-31,6,234
ECO00277,2024-12-14,Healthcare,France,Small,42,Professional,99,Annual,LinkedIn,24,11.6,4.0,95.5,1844.43,1584.7,14.08,Active,,21,2079
ECO00278,2024-11-15,Professional Services,USA,Small,61,Professional,99,Monthly,Partner,23,8.5,4.0,87.3,1906.69,2179.31,-14.3,Churned,2025-08-31,10,990
ECO00279,2024-10-05,Professional Services,UK,Micro,19,Professional,99,Annual,Organic Search,24,11.9,4.0,94.6,572.83,521.1,9.03,Active,,23,2277
ECO00280,2026-05-24,Logistics,UK,Large,616,Business,249,Annual,Organic Search,9,10.0,3.5,86.5,30428.63,31792.32,-4.48,Active,,4,996
ECO00281,2024-03-13,Professional Services,UK,Small,26,Professional,99,Annual,Partner,8,9.0,3.0,88.2,781.69,817.21,-4.54,Churned,2024-06-30,4,396
ECO00282,2025-05-27,Technology,UK,Small,38,Professional,99,Monthly,LinkedIn,11,11.5,3.5,93.9,1175.77,1008.92,14.19,Active,,16,1584
ECO00283,2026-01-26,Education,Australia,Micro,5,Starter,39,Annual,LinkedIn,15,9.6,3.5,92.4,165.17,165.0,0.1,Active,,8,312
ECO00284,2025-04-14,Professional Services,USA,Micro,12,Professional,99,Annual,Partner,9,10.9,3.8,94.6,325.73,308.95,5.15,Churned,2026-08-31,17,1683
ECO00285,2025-04-19,Healthcare,France,Small,33,Professional,99,Monthly,Paid Search,8,11.1,3.8,96.3,1373.88,1384.59,-0.78,Active,,17,1683
ECO00286,2026-08-07,Manufacturing,France,Micro,5,Business,249,Monthly,Referral,15,13.0,4.0,94.7,316.45,316.45,0.0,Active,,1,249
ECO00287,2025-05-11,Retail,UK,Small,41,Starter,39,Annual,Partner,12,9.9,3.4,92.9,1300.46,1396.52,-7.39,Churned,2025-12-31,8,312
ECO00288,2026-06-07,Manufacturing,Australia,Small,20,Professional,99,Monthly,Outbound Sales,14,10.0,3.7,89.5,1115.24,1131.61,-1.47,Active,,3,297
ECO00289,2026-08-06,Hospitality,India,Micro,10,Starter,39,Monthly,Paid Search,21,10.0,3.0,74.6,415.96,415.96,0.0,Active,,1,39
ECO00290,2026-02-19,Hospitality,Germany,Small,47,Professional,99,Annual,Referral,22,10.4,4.1,94.4,1977.92,1982.08,-0.21,Active,,7,693
ECO00291,2026-08-26,Hospitality,Germany,Small,47,Business,249,Monthly,Partner,16,10.0,3.0,94.7,1919.66,1919.66,0.0,Active,,1,249
ECO00292,2024-07-09,Hospitality,Germany,Small,27,Business,249,Monthly,LinkedIn,13,9.1,3.6,91.9,1240.54,1104.95,10.93,Churned,2025-03-31,9,2241
ECO00293,2026-08-26,Healthcare,UK,Micro,19,Starter,39,Annual,Organic Search,11,11.0,5.0,91.6,930.26,930.26,0.0,Active,,1,39
ECO00294,2025-07-22,Retail,USA,Medium,178,Professional,99,Annual,Organic Search,23,9.9,2.9,90.7,6040.75,5365.78,11.17,Active,,14,1386
ECO00295,2024-10-14,Hospitality,Germany,Small,49,Professional,99,Monthly,Outbound Sales,15,7.7,2.3,86.8,1854.84,1916.73,-3.34,Churned,2024-12-31,3,297
ECO00296,2026-08-22,Professional Services,UK,Small,57,Starter,39,Annual,Referral,17,9.0,5.0,86.6,1742.63,1742.63,0.0,Active,,1,39
ECO00297,2024-05-12,Technology,Canada,Small,28,Starter,39,Monthly,Organic Search,11,8.5,1.8,84.0,877.94,850.2,3.16,Churned,2024-08-31,4,156
ECO00298,2024-12-22,Healthcare,France,Medium,121,Enterprise,699,Monthly,Referral,12,8.9,3.0,88.5,5638.85,4988.66,11.53,Active,,21,14679
ECO00299,2024-10-02,Education,UK,Large,303,Enterprise,699,Monthly,Referral,26,11.7,4.1,95.8,9396.55,8590.46,8.58,Active,,23,16077
ECO00300,2024-07-22,Hospitality,UK,Small,58,Starter,39,Monthly,LinkedIn,20,9.7,3.0,90.0,2441.66,2058.39,15.7,Active,,26,1014
ECO00301,2026-07-19,Retail,India,Micro,9,Starter,39,Annual,Organic Search,12,8.5,5.0,94.2,328.7,327.7,0.3,Active,,2,78
ECO00302,2026-04-11,Retail,USA,Medium,209,Business,249,Monthly,Referral,15,7.4,2.8,85.7,8125.01,7698.42,5.25,Active,,5,1245
ECO00303,2026-01-22,Logistics,France,Micro,19,Business,249,Monthly,Referral,19,13.0,4.2,94.2,1118.28,1127.66,-0.84,Active,,8,1992
ECO00304,2026-07-22,Technology,UK,Micro,7,Starter,39,Annual,Outbound Sales,21,12.5,5.5,94.4,219.2,203.93,6.97,Active,,2,78
ECO00305,2026-07-27,Technology,UK,Micro,5,Professional,99,Annual,LinkedIn,22,12.0,4.5,87.9,152.68,139.81,8.43,Active,,2,198
ECO00306,2025-12-15,Manufacturing,UK,Micro,8,Starter,39,Monthly,Referral,23,10.3,3.3,87.7,541.14,565.19,-4.44,Active,,9,351
ECO00307,2025-11-07,Hospitality,UK,Medium,220,Starter,39,Monthly,Partner,19,9.8,3.2,89.9,9310.93,8560.69,8.06,Active,,10,390
ECO00308,2024-10-06,Retail,USA,Medium,148,Business,249,Annual,Organic Search,16,8.9,3.0,88.2,5263.29,4910.56,6.7,Active,,23,5727
ECO00309,2026-04-26,Hospitality,Canada,Medium,277,Starter,39,Annual,Referral,11,8.6,3.6,89.4,11737.29,11406.85,2.82,Active,,5,195
ECO00310,2025-05-18,Healthcare,Canada,Medium,134,Starter,39,Annual,Referral,23,11.0,4.1,93.3,6321.96,6026.18,4.68,Active,,16,624
ECO00311,2026-02-05,Manufacturing,Germany,Small,72,Business,249,Annual,LinkedIn,15,10.7,3.4,91.4,4319.9,4786.62,-10.8,Active,,7,1743
ECO00312,2026-03-07,Hospitality,India,Small,57,Professional,99,Monthly,Partner,13,10.0,3.8,94.9,2351.15,2325.78,1.08,Active,,6,594
ECO00313,2026-03-24,Professional Services,USA,Small,49,Enterprise,699,Monthly,Organic Search,23,8.3,2.5,89.9,1397.92,1491.9,-6.72,Active,,6,4194
ECO00314,2026-03-09,Professional Services,UK,Medium,140,Starter,39,Monthly,LinkedIn,23,7.0,3.0,84.4,3573.03,4079.97,-14.19,Churned,2026-06-30,4,156
ECO00315,2025-07-03,Technology,UK,Medium,105,Enterprise,699,Monthly,Organic Search,6,11.4,2.9,89.8,2803.84,2664.92,4.95,Active,,14,9786
ECO00316,2025-12-14,Logistics,UK,Micro,11,Starter,39,Annual,Organic Search,10,9.3,4.3,87.0,487.08,531.81,-9.18,Churned,2026-06-30,7,273
ECO00317,2025-07-25,Healthcare,Canada,Micro,17,Starter,39,Monthly,Referral,25,11.0,4.0,93.5,715.97,667.83,6.72,Active,,14,546
ECO00318,2026-07-05,Manufacturing,USA,Micro,8,Professional,99,Annual,Organic Search,23,7.0,2.5,87.6,534.94,556.92,-4.11,Active,,2,198
ECO00319,2025-01-16,Hospitality,Germany,Medium,152,Enterprise,699,Monthly,Outbound Sales,15,10.3,3.2,90.5,7054.29,5862.54,16.89,Active,,20,13980
ECO00320,2025-12-04,Technology,Australia,Medium,256,Starter,39,Monthly,Outbound Sales,16,11.3,4.6,96.2,7442.23,7450.14,-0.11,Active,,9,351
ECO00321,2025-12-02,Technology,UK,Small,62,Starter,39,Monthly,LinkedIn,21,9.6,3.1,91.1,1860.14,1760.79,5.34,Churned,2026-06-30,7,273
ECO00322,2026-05-02,Education,UK,Large,890,Enterprise,699,Monthly,Organic Search,23,12.0,3.5,94.5,27723.42,23254.81,16.12,Active,,4,2796
ECO00323,2025-04-24,Retail,Germany,Medium,228,Business,249,Monthly,Paid Search,27,11.6,3.6,90.3,7631.85,6795.91,10.95,Active,,17,4233
ECO00324,2025-01-24,Technology,UK,Small,68,Business,249,Monthly,Paid Search,10,10.9,3.8,96.3,1952.54,1704.2,12.72,Active,,20,4980
ECO00325,2024-04-17,Professional Services,USA,Small,79,Starter,39,Annual,LinkedIn,25,11.7,3.8,95.3,2504.32,2352.49,6.06,Active,,29,1131
ECO00326,2026-07-23,Retail,Australia,Medium,226,Starter,39,Annual,Referral,11,8.5,2.5,83.6,8797.16,8258.05,6.13,Active,,2,78
ECO00327,2026-08-08,Manufacturing,UK,Small,37,Professional,99,Annual,Referral,16,5.0,2.0,81.7,2498.06,2498.06,0.0,Active,,1,99
ECO00328,2025-10-20,Technology,India,Micro,6,Business,249,Monthly,Partner,15,7.1,2.5,81.5,184.39,185.03,-0.35,Active,,11,2739
ECO00329,2024-05-14,Healthcare,Australia,Medium,282,Starter,39,Annual,Paid Search,14,10.3,3.2,93.0,12850.23,12360.89,3.81,Churned,2026-05-31,25,975
ECO00330,2024-02-20,Professional Services,France,Small,46,Professional,99,Annual,Paid Search,21,11.1,3.1,90.2,1232.03,1319.28,-7.08,Churned,2024-09-30,8,792
ECO00331,2026-01-06,Education,Australia,Micro,15,Starter,39,Monthly,LinkedIn,23,11.2,4.0,92.5,486.26,456.12,6.2,Active,,8,312
ECO00332,2024-12-17,Retail,Canada,Small,62,Professional,99,Monthly,Organic Search,13,10.5,3.1,89.7,2250.55,2132.82,5.23,Active,,21,2079
ECO00333,2026-01-02,,India,Micro,12,Professional,99,Annual,Outbound Sales,24,11.1,3.0,91.0,604.08,596.79,1.21,Active,,8,792
ECO00334,2024-01-02,Healthcare,India,Small,47,Professional,99,Annual,Outbound Sales,18,11.9,4.3,96.0,2385.24,2250.43,5.65,Active,,32,3168
ECO00335,2024-11-16,Hospitality,USA,Small,69,Professional,99,Monthly,Outbound Sales,17,6.5,2.0,81.4,3160.9,2998.93,5.12,Active,,22,2178
ECO00336,2025-05-02,Logistics,UK,Micro,19,Professional,99,Monthly,Organic Search,17,7.0,0.7,83.8,1021.66,1064.42,-4.19,Churned,2025-07-31,3,297
ECO00337,2025-11-18,Technology,UK,Medium,110,Professional,99,Annual,Partner,25,11.0,4.4,95.2,2766.98,3054.13,-10.38,Active,,10,990
ECO00338,2026-07-19,Education,Canada,Medium,208,Starter,39,Monthly,Outbound Sales,19,12.5,4.5,96.6,6059.53,5723.51,5.55,Active,,2,78
ECO00339,2026-02-20,Healthcare,India,Medium,276,Enterprise,699,Annual,Partner,15,10.3,3.3,92.5,13399.99,12050.2,10.07,Active,,7,4893
ECO00340,2025-03-10,Technology,UK,Small,37,Professional,99,Monthly,LinkedIn,17,12.4,4.7,96.1,996.15,936.36,6.0,Active,,18,1782
ECO00341,2024-11-13,Technology,India,Medium,144,Professional,99,Annual,LinkedIn,10,11.2,4.1,92.7,4789.06,4136.45,13.63,Active,,22,2178
ECO00342,2025-09-20,Manufacturing,USA,Medium,224,Business,249,Monthly,Referral,20,11.2,3.8,93.9,17491.0,15285.13,12.61,Active,,12,2988
ECO00343,2026-08-17,Logistics,UK,Small,40,Starter,39,Monthly,LinkedIn,20,5.0,1.0,86.6,2014.14,2014.14,0.0,Active,,1,39
ECO00344,2025-05-17,Manufacturing,Canada,Medium,190,Business,249,Monthly,Referral,11,11.7,4.2,94.9,13841.71,14232.67,-2.82,Churned,2026-05-31,13,3237
ECO00345,2024-10-24,Technology,India,Medium,199,Starter,39,Monthly,Organic Search,18,9.4,3.3,90.5,5533.82,5635.47,-1.84,Active,,23,897
ECO00346,2025-08-01,Professional Services,USA,Small,43,Starter,39,Annual,Outbound Sales,16,6.9,1.8,82.2,1146.73,1172.33,-2.23,Active,,13,507
ECO00347,2025-04-16,Healthcare,UK,Medium,123,Professional,99,Annual,Referral,13,7.5,2.1,81.6,6119.94,5620.76,8.16,Active,,17,1683
ECO00348,2025-12-17,Manufacturing,France,Micro,15,Professional,99,Annual,LinkedIn,19,11.8,4.2,95.6,1073.97,1011.24,5.84,Active,,9,891
ECO00349,2026-03-27,Manufacturing,UK,Small,46,Professional,99,Monthly,Referral,13,11.0,3.8,90.5,2956.8,2886.11,2.39,Active,,6,594
ECO00350,2024-08-15,Technology,Germany,Micro,9,Starter,39,Annual,Paid Search,19,12.0,3.6,94.5,277.01,249.46,9.95,Active,,25,975
ECO00351,2025-08-01,Professional Services,Germany,Small,71,Professional,99,Annual,Paid Search,23,6.5,2.2,81.5,2087.89,2008.4,3.81,Active,,13,1287
ECO00352,2024-12-21,Professional Services,France,Small,45,Business,249,Monthly,Organic Search,35,11.7,3.9,95.2,1318.84,1228.46,6.85,Active,,21,5229
ECO00353,2024-09-13,Retail,USA,Medium,248,Business,249,Monthly,LinkedIn,20,9.6,3.7,91.1,8953.3,8084.05,9.71,Churned,2025-12-31,16,3984
ECO00354,2024-04-06,Technology,UK,Small,24,Starter,39,Monthly,Referral,24,10.8,3.7,90.8,742.99,672.26,9.52,Churned,2025-10-31,19,741
ECO00355,2026-03-25,Logistics,France,Medium,249,Professional,99,Monthly,Organic Search,13,8.8,3.0,89.8,13331.94,13360.93,-0.22,Active,,6,594
ECO00356,2024-08-11,Healthcare,UK,Micro,10,Business,249,Annual,Outbound Sales,19,10.2,3.7,91.0,438.26,430.24,1.83,Active,,25,6225
ECO00357,2026-07-17,Manufacturing,Germany,Small,35,Starter,39,Monthly,Paid Search,16,8.0,2.0,87.1,2542.22,2606.46,-2.53,Active,,2,78
ECO00358,2024-02-22,Logistics,India,Small,79,Professional,99,Monthly,LinkedIn,8,10.5,3.8,95.0,4371.39,4568.84,-4.52,Churned,2024-07-31,6,594
ECO00359,2025-08-24,Retail,UK,Small,38,Business,249,Monthly,Paid Search,7,8.9,3.2,88.2,1313.76,1283.97,2.27,Active,,13,3237
ECO00360,2025-08-04,Technology,UK,Small,60,Professional,99,Monthly,Organic Search,19,11.5,3.7,96.2,1963.61,1910.17,2.72,Active,,13,1287
ECO00361,2024-12-14,Technology,India,Small,29,Starter,39,Monthly,Partner,18,8.4,2.4,85.8,870.81,825.71,5.18,Churned,2025-09-30,10,390
ECO00362,2025-12-04,Hospitality,USA,Micro,19,Starter,39,Monthly,Partner,21,8.2,3.0,88.6,792.54,772.69,2.5,Churned,2026-03-31,4,156
ECO00363,2024-10-02,Professional Services,Germany,Medium,204,Starter,39,Annual,Partner,20,11.8,4.0,94.3,6580.13,6423.92,2.37,Active,,23,897
ECO00364,2025-09-26,Retail,UK,Medium,181,Professional,99,Monthly,Organic Search,19,9.9,3.7,90.0,7003.34,6349.54,9.34,Active,,12,1188
ECO00365,2025-05-21,Healthcare,USA,Large,1012,Enterprise,699,Annual,Referral,10,11.9,4.2,94.8,41763.73,40902.88,2.06,Active,,16,11184
ECO00366,2025-11-15,,Netherlands,Small,48,Business,249,Monthly,Paid Search,9,8.5,3.0,86.2,1407.26,1400.89,0.45,Active,,10,2490
ECO00367,2026-05-21,Logistics,USA,Small,59,Starter,39,Annual,Organic Search,19,10.0,4.5,93.3,3438.12,3239.59,5.77,Active,,4,156
ECO00368,2024-03-06,Technology,UK,Small,61,Professional,99,Monthly,Paid Search,28,11.6,3.9,93.8,1905.42,1851.01,2.86,Churned,2026-05-31,27,2673
ECO00369,2026-02-24,Hospitality,USA,Medium,100,Starter,39,Annual,Organic Search,7,12.3,3.9,95.1,4966.68,4647.34,6.43,Active,,7,273
ECO00370,2025-04-17,Professional Services,USA,Small,70,Starter,39,Monthly,Partner,11,10.0,3.3,90.8,2076.74,2131.13,-2.62,Churned,2025-09-30,6,234
ECO00371,2024-01-26,Retail,France,Medium,136,Professional,99,Monthly,,17,11.2,4.2,95.1,4340.72,4366.37,-0.59,Churned,2024-11-30,11,1089
ECO00372,2024-06-15,Technology,UK,Micro,6,Professional,99,Monthly,Referral,14,9.7,3.3,89.6,171.14,178.12,-4.08,Active,,27,2673
ECO00373,2026-05-09,Professional Services,Australia,Micro,18,Starter,39,Monthly,LinkedIn,18,12.2,3.0,88.8,576.95,573.39,0.62,Active,,4,156
ECO00374,2025-12-19,Professional Services,France,Small,53,Professional,99,Annual,LinkedIn,15,9.0,3.2,91.6,1670.77,1602.23,4.1,Active,,9,891
ECO00375,2025-10-02,Hospitality,France,Small,41,Professional,99,Monthly,Outbound Sales,23,8.1,2.9,85.1,1779.1,1566.15,11.97,Active,,11,1089
ECO00376,2025-12-06,Manufacturing,India,Small,48,Enterprise,699,Annual,Organic Search,31,9.2,3.1,89.5,3009.98,3153.62,-4.77,Active,,9,6291
ECO00377,2024-08-21,Education,Australia,Micro,17,Starter,39,Annual,Referral,23,10.5,3.3,91.4,501.65,459.15,8.47,Active,,25,975
ECO00378,2024-02-17,Hospitality,France,Large,583,Business,249,Monthly,Outbound Sales,18,12.1,3.9,96.1,26256.7,23471.72,10.61,Active,,31,7719
ECO00379,2024-10-04,Logistics,France,Small,40,Business,249,Monthly,Partner,6,10.2,3.0,94.4,2056.56,2000.24,2.74,Churned,2025-02-28,5,1245
ECO00380,2025-04-09,Technology,UK,Medium,267,Starter,39,Monthly,Referral,17,9.7,2.7,87.3,8070.83,7796.85,3.39,Active,,17,663
ECO00381,2026-01-16,Retail,USA,Micro,12,Professional,99,Monthly,Organic Search,8,9.4,3.2,89.0,430.87,414.09,3.89,Active,,8,792
ECO00382,2025-12-03,Hospitality,France,Micro,17,Professional,99,Annual,LinkedIn,16,8.7,2.6,82.6,738.74,686.62,7.06,Active,,9,891
ECO00383,2026-04-20,Technology,India,Small,73,Starter,39,Annual,Paid Search,9,8.6,3.2,86.2,2309.84,2269.57,1.74,Active,,5,195
ECO00384,2025-01-20,Technology,Germany,Micro,19,Professional,99,Monthly,Paid Search,14,6.3,1.9,79.4,597.5,506.34,15.26,Churned,2026-03-31,15,1485
ECO00385,2025-02-17,Professional Services,Germany,Small,41,Starter,39,Annual,Organic Search,24,8.7,3.2,87.4,1411.97,1224.61,13.27,Churned,2026-04-30,15,585
ECO00386,2025-08-12,Hospitality,France,Small,46,Enterprise,699,Monthly,Outbound Sales,15,9.1,2.9,88.4,1898.46,2145.03,-12.99,Active,,13,9087
ECO00387,2026-07-25,Technology,Germany,Small,30,Professional,99,Annual,Organic Search,15,10.5,2.0,87.4,962.95,934.25,2.98,Active,,2,198
ECO00388,2025-10-01,Hospitality,USA,Medium,162,Starter,39,Monthly,Paid Search,11,6.4,2.4,76.9,6555.27,6420.02,2.06,Churned,2026-06-30,9,351
ECO00389,2025-11-12,Logistics,India,Medium,169,Professional,99,Monthly,Organic Search,7,11.7,4.3,95.9,9203.14,8227.08,10.61,Active,,10,990
ECO00390,2026-06-21,Manufacturing,Germany,Micro,17,Starter,39,Annual,LinkedIn,20,7.7,3.3,89.0,1257.39,1121.04,10.84,Active,,3,117
ECO00391,2026-08-20,Logistics,India,Small,39,Professional,99,Monthly,Organic Search,16,8.0,5.0,94.2,2294.94,2294.94,0.0,Active,,1,99
ECO00392,2024-11-03,Hospitality,Canada,Small,46,Business,249,Monthly,Organic Search,22,7.9,3.2,85.3,2046.34,1948.47,4.78,Active,,22,5478
ECO00393,2026-07-01,Professional Services,USA,Small,74,Starter,39,Monthly,Organic Search,12,12.0,2.5,90.6,2219.81,2300.25,-3.62,Active,,2,78
ECO00394,2025-12-04,Hospitality,Germany,Large,656,Enterprise,699,Monthly,Paid Search,16,8.7,3.6,89.0,29805.6,29025.09,2.62,Active,,9,6291
ECO00395,2026-08-12,Logistics,UK,Small,29,Starter,39,Annual,Paid Search,15,8.0,3.0,71.4,1383.18,1383.18,0.0,Active,,1,39
ECO00396,2026-03-05,Logistics,Canada,Small,30,Professional,99,Annual,Outbound Sales,19,11.3,3.7,97.1,1482.12,1437.54,3.01,Active,,6,594
ECO00397,2025-12-12,Manufacturing,France,Small,64,Enterprise,699,Monthly,Organic Search,19,11.3,3.9,95.7,4832.88,4573.01,5.38,Active,,9,6291
ECO00398,2026-03-04,Technology,USA,Medium,148,Starter,39,Monthly,Organic Search,18,10.2,3.3,90.9,3789.67,3963.56,-4.59,Active,,6,234
ECO00399,2024-11-07,Technology,USA,Small,30,Professional,99,Monthly,Partner,17,11.7,3.9,95.2,886.99,792.37,10.67,Active,,22,2178
ECO00400,2024-07-13,Retail,Germany,Micro,19,Professional,99,Monthly,Partner,18,7.0,3.0,86.4,733.34,716.83,2.25,Churned,2024-09-30,3,297
ECO00401,2024-11-03,Technology,UK,Medium,114,Starter,39,Monthly,Referral,12,10.8,3.5,92.5,3345.79,3059.38,8.56,Active,,22,858
ECO00402,2024-05-05,Manufacturing,USA,Large,1092,Enterprise,699,Monthly,Organic Search,23,8.4,2.9,87.9,71414.1,68829.59,3.62,Active,,28,19572
ECO00403,2026-01-03,Technology,USA,Small,66,Starter,39,Annual,Outbound Sales,12,9.8,3.8,92.1,2261.09,2123.64,6.08,Active,,8,312
ECO00404,2026-07-20,Professional Services,Canada,Micro,13,Professional,99,Monthly,Partner,25,13.0,2.5,92.6,437.82,427.5,2.36,Active,,2,198
ECO00405,2025-03-17,Manufacturing,USA,Medium,284,Starter,39,Annual,Outbound Sales,15,9.2,2.9,89.9,19634.41,16867.52,14.09,Active,,18,702
ECO00406,2026-04-04,Professional Services,UK,Small,54,Professional,99,Annual,Paid Search,18,8.4,2.2,83.3,1642.04,1708.84,-4.07,Active,,5,495
ECO00407,2026-02-14,Technology,UK,Small,37,Starter,39,Annual,Referral,15,9.6,3.9,88.3,1047.59,1055.89,-0.79,Active,,7,273
ECO00408,2025-04-22,Education,Germany,Small,38,Business,249,Monthly,Paid Search,30,11.9,3.7,93.5,1304.04,1132.02,13.19,Active,,17,4233
ECO00409,2026-08-09,Retail,Germany,Small,49,Professional,99,Annual,Partner,15,9.0,3.0,90.8,1890.28,1890.28,0.0,Active,,1,99
ECO00410,2024-10-10,Technology,USA,Medium,198,Professional,99,Monthly,Referral,5,12.1,3.9,94.2,5756.25,5421.43,5.82,Active,,23,2277
ECO00411,2026-05-05,Technology,France,Small,79,Starter,39,Monthly,Paid Search,13,7.8,2.2,80.3,2408.57,2459.01,-2.09,Active,,4,156
ECO00412,2024-10-12,Manufacturing,France,Medium,271,Professional,99,Annual,LinkedIn,16,10.8,3.7,91.0,17213.71,16189.07,5.95,Active,,23,2277
ECO00413,2026-08-11,Manufacturing,Netherlands,Large,942,Business,249,Monthly,Outbound Sales,24,7.0,4.0,92.4,62461.56,62461.56,0.0,Active,,1,249
ECO00414,2024-07-19,Technology,USA,Small,32,Starter,39,Monthly,Paid Search,18,12.0,4.2,95.7,1022.43,931.59,8.88,Active,,26,1014
ECO00415,2026-01-25,Retail,USA,Small,60,Professional,99,Annual,LinkedIn,27,10.8,4.1,92.4,2173.37,2107.84,3.02,Active,,8,792
ECO00416,2025-06-23,Logistics,UK,Large,978,Enterprise,699,Monthly,Organic Search,10,11.1,3.3,93.3,51910.55,50162.34,3.37,Active,,15,10485
ECO00417,2025-03-21,Hospitality,Australia,Small,38,Business,249,Annual,LinkedIn,6,8.9,3.2,86.6,1706.92,1651.73,3.23,Active,,18,4482
ECO00418,2025-07-18,Healthcare,India,Small,51,Business,249,Monthly,Organic Search,22,9.3,3.1,87.1,2397.63,2260.85,5.7,Churned,2026-01-31,7,1743
ECO00419,2024-01-15,Professional Services,India,Medium,178,Starter,39,Monthly,Referral,21,9.8,3.3,87.2,4534.05,4820.09,-6.31,Active,,32,1248
ECO00420,2025-03-14,Hospitality,Netherlands,Micro,13,Professional,99,Monthly,Paid Search,18,9.0,2.2,86.9,506.32,499.83,1.28,Active,,18,1782
ECO00421,2025-10-04,Technology,USA,Small,31,Professional,99,Annual,LinkedIn,16,10.0,3.0,92.4,908.68,837.45,7.84,Churned,2026-06-30,9,891
ECO00422,2025-12-21,Manufacturing,UK,Micro,16,Starter,39,Monthly,Referral,20,12.6,3.9,94.1,1042.64,945.1,9.36,Active,,9,351
ECO00423,2025-10-03,Professional Services,UK,Micro,17,Business,249,Annual,Paid Search,16,11.7,3.3,93.4,450.8,476.27,-5.65,Churned,2026-03-31,6,1494
ECO00424,2025-09-05,Healthcare,Australia,Small,66,Professional,99,Monthly,Outbound Sales,16,10.0,4.0,88.7,2811.68,2920.92,-3.89,Churned,2025-12-31,4,396
ECO00425,2026-08-04,Hospitality,USA,Small,76,Business,249,Monthly,Organic Search,9,12.0,5.0,94.6,3561.08,3561.08,0.0,Active,,1,249
ECO00426,2025-03-16,Retail,Germany,Micro,18,Professional,99,Annual,Referral,14,8.8,2.8,85.2,652.93,599.76,8.14,Active,,18,1782
ECO00427,2024-02-21,Retail,UK,Medium,144,Starter,39,Monthly,LinkedIn,21,9.7,3.2,90.3,5011.06,4779.59,4.62,Churned,2026-08-31,31,1209
ECO00428,2024-02-17,Logistics,UK,Micro,19,Professional,99,Annual,Organic Search,19,10.3,3.4,90.9,1112.68,1080.49,2.89,Active,,31,3069
ECO00429,2024-12-16,Technology,UK,Small,36,Starter,39,Monthly,Partner,32,11.5,3.8,97.8,1003.17,915.69,8.72,Churned,2025-12-31,13,507
ECO00430,2025-07-19,Education,Germany,Small,63,Business,249,Monthly,Organic Search,9,10.1,3.4,90.6,1952.71,1662.4,14.87,Active,,14,3486
ECO00431,2026-06-20,Professional Services,USA,Small,54,Enterprise,699,Monthly,LinkedIn,9,13.0,4.0,97.8,1417.55,1485.44,-4.79,Active,,3,2097
ECO00432,2024-05-08,Manufacturing,USA,Medium,99,Professional,99,Monthly,Organic Search,16,9.3,2.9,85.8,7237.55,7594.83,-4.94,Churned,2025-03-31,11,1089
ECO00433,2026-07-18,Professional Services,Canada,Micro,13,Starter,39,Monthly,Organic Search,6,5.5,4.0,82.3,373.57,361.45,3.24,Active,,2,78
ECO00434,2024-08-21,Retail,USA,Large,343,Business,249,Annual,Partner,26,9.5,2.8,87.6,12555.93,10728.21,14.56,Active,,25,6225
ECO00435,2026-06-24,Manufacturing,Australia,Medium,223,Starter,39,Annual,Referral,16,11.3,3.0,96.2,13198.19,14718.38,-11.52,Active,,3,117
ECO00436,2026-02-27,Technology,UK,Medium,286,Starter,39,Monthly,Paid Search,23,10.3,3.4,91.9,8799.76,8398.88,4.56,Active,,7,273
ECO00437,2025-11-08,Manufacturing,India,Large,1185,Enterprise,699,Annual,LinkedIn,25,11.6,4.0,96.7,89708.25,84201.32,6.14,Active,,10,6990
ECO00438,2025-01-13,Education,Canada,Micro,6,Professional,99,Annual,Organic Search,10,12.4,3.8,95.9,165.86,154.87,6.63,Churned,2026-05-31,17,1683
ECO00439,2025-11-04,Education,Germany,Small,32,Business,249,Monthly,Paid Search,11,9.2,3.8,93.5,909.03,834.63,8.18,Active,,10,2490
ECO00440,2025-07-17,Retail,Germany,Medium,133,Enterprise,699,Monthly,Outbound Sales,24,9.7,3.5,94.5,4813.59,4746.79,1.39,Churned,2025-12-31,6,4194
ECO00441,2024-11-27,Technology,UK,Medium,168,Business,249,Monthly,Paid Search,21,8.0,3.0,86.0,5694.75,4593.05,19.35,Active,,22,5478
ECO00442,2025-12-21,Education,India,Medium,278,Professional,99,Monthly,Organic Search,17,8.9,2.9,87.2,8009.75,7042.39,12.08,Active,,9,891
ECO00443,2025-05-18,Manufacturing,India,Small,30,Starter,39,Monthly,LinkedIn,9,8.8,2.8,85.9,2009.84,1971.32,1.92,Active,,16,624
ECO00444,2025-02-05,Healthcare,Canada,Medium,214,Professional,99,Monthly,LinkedIn,19,10.9,3.5,92.3,9886.49,9403.58,4.88,Churned,2025-12-31,11,1089
ECO00445,2024-10-01,Retail,India,Micro,14,Starter,39,Monthly,Paid Search,20,8.0,3.3,88.9,527.75,503.49,4.6,Churned,2025-03-31,6,234
ECO00446,2025-04-04,Manufacturing,Canada,Medium,171,Professional,99,Annual,LinkedIn,17,10.4,3.3,91.4,11619.39,11261.38,3.08,Active,,17,1683
ECO00447,2025-09-14,Technology,France,Small,62,Starter,39,Monthly,Referral,18,10.5,3.7,94.0,1618.96,1564.96,3.34,Active,,12,468
ECO00448,2025-02-08,Professional Services,UK,Micro,7,Professional,99,Monthly,Referral,8,10.6,4.4,92.5,199.78,199.46,0.16,Churned,2025-06-30,5,495
ECO00449,2026-05-06,Hospitality,USA,Small,63,Starter,39,Annual,Organic Search,12,5.0,1.0,68.6,2470.03,2598.02,-5.18,Active,,4,156
ECO00450,2026-04-09,Manufacturing,UK,Medium,227,Starter,39,Monthly,Paid Search,5,3.6,1.8,73.4,15720.01,16579.2,-5.47,Active,,5,195
ECO00451,2025-11-05,Logistics,Canada,Small,51,Business,249,Annual,Referral,5,10.4,3.5,91.1,2582.5,2531.24,1.98,Active,,10,2490
ECO00452,2026-03-22,Manufacturing,UK,Small,33,Professional,99,Annual,Partner,14,10.7,4.3,95.7,2416.77,2063.02,14.64,Active,,6,594
ECO00453,2026-06-07,Retail,USA,Medium,93,Starter,39,Monthly,Paid Search,16,8.3,2.7,82.6,3808.72,3561.27,6.5,Active,,3,117
ECO00454,2026-07-22,Healthcare,Canada,Large,651,Enterprise,699,Monthly,Organic Search,21,3.5,2.5,84.9,29860.57,30506.32,-2.16,Active,,2,1398
ECO00455,2026-02-18,Technology,Germany,Micro,10,Professional,99,Monthly,Organic Search,11,8.7,2.4,84.8,300.98,326.89,-8.61,Active,,7,693
ECO00456,2024-11-09,Technology,UK,Micro,9,Starter,39,Annual,Partner,25,8.5,3.0,86.8,240.44,220.19,8.42,Active,,22,858
ECO00457,2024-11-14,Hospitality,France,Small,76,Business,249,Annual,Outbound Sales,23,10.1,3.1,90.1,3159.4,2599.7,17.72,Active,,22,5478
ECO00458,2025-03-18,Retail,UK,Medium,278,Professional,99,Monthly,Organic Search,23,8.2,3.0,82.9,10489.61,10455.9,0.32,Churned,2025-06-30,4,396
ECO00459,2025-12-12,Hospitality,Germany,Micro,11,Professional,99,Monthly,Organic Search,23,11.3,3.7,91.8,462.18,452.16,2.17,Churned,2026-08-31,9,891
ECO00460,2025-02-17,Professional Services,UK,Medium,93,Starter,39,Annual,Organic Search,18,11.1,3.5,91.5,2740.22,2396.66,12.54,Active,,19,741
ECO00461,2025-04-04,Healthcare,Germany,Small,54,Starter,39,Monthly,Paid Search,23,7.3,2.1,84.7,2316.34,2160.41,6.73,Churned,2026-06-30,15,585
ECO00462,2025-10-17,Professional Services,UK,Small,72,Business,249,Monthly,Organic Search,21,11.8,4.0,94.4,2310.95,2313.76,-0.12,Active,,11,2739
ECO00463,2024-01-13,Education,UK,Small,71,Enterprise,699,Annual,Outbound Sales,23,10.2,3.1,89.5,2201.72,1988.64,9.68,Active,,32,22368
ECO00464,2025-09-27,Healthcare,UK,Micro,9,Professional,99,Monthly,Organic Search,16,13.2,4.0,94.7,429.31,382.5,10.9,Active,,12,1188
ECO00465,2024-10-06,Education,UK,Medium,204,Professional,99,Monthly,Referral,20,11.7,4.2,96.4,6696.42,5909.58,11.75,Active,,23,2277
ECO00466,2024-06-02,Technology,India,Medium,82,Business,249,Monthly,Referral,27,9.7,3.0,88.4,2830.29,2398.85,15.24,Churned,2026-01-31,20,4980
ECO00467,2025-02-01,Retail,UK,Micro,18,Business,249,Monthly,Referral,20,11.5,3.6,95.4,752.99,605.06,19.65,Active,,19,4731
ECO00468,2025-10-06,Technology,USA,Small,79,Professional,99,Monthly,LinkedIn,22,11.5,3.6,91.2,2747.49,2587.91,5.81,Active,,11,1089
ECO00469,2024-06-23,Technology,Australia,Small,55,Starter,39,Monthly,Organic Search,15,9.7,3.4,86.4,1518.34,1547.82,-1.94,Churned,2026-02-28,21,819
ECO00470,2024-06-19,Logistics,UK,Micro,15,Professional,99,Monthly,Organic Search,9,7.7,2.5,83.2,747.26,678.21,9.24,Active,,27,2673
ECO00471,2026-08-24,Education,UK,Medium,165,Professional,99,Monthly,Outbound Sales,18,8.0,3.0,90.3,5268.06,5268.06,0.0,Active,,1,99
ECO00472,2024-09-19,Professional Services,UK,Small,33,Professional,99,Annual,Organic Search,28,8.7,3.0,88.9,981.25,921.79,6.06,Churned,2025-03-31,7,693
ECO00473,2026-08-10,Professional Services,India,Small,57,Professional,99,Monthly,Referral,12,8.0,2.0,79.9,1728.54,1728.54,0.0,Active,,1,99
ECO00474,2026-01-12,Technology,UK,Micro,17,Professional,99,Monthly,Paid Search,23,11.2,3.5,91.0,471.98,516.42,-9.42,Active,,8,792
ECO00475,2026-03-05,Logistics,USA,Large,607,Business,249,Monthly,Organic Search,20,6.5,2.0,80.7,31384.36,29595.1,5.7,Active,,6,1494
ECO00476,2025-05-13,Retail,UK,Medium,292,Professional,99,Annual,Referral,12,9.2,3.2,87.9,9788.97,9605.22,1.88,Active,,16,1584
ECO00477,2024-10-16,Manufacturing,Netherlands,Medium,100,Professional,99,Monthly,Organic Search,18,11.7,4.0,96.9,7489.97,7088.26,5.36,Active,,23,2277
ECO00478,2026-02-09,Hospitality,France,Small,59,Professional,99,Annual,Outbound Sales,13,10.7,3.4,90.6,2622.43,2346.01,10.54,Active,,7,693
ECO00479,2024-05-01,Healthcare,Germany,Micro,16,Business,249,Monthly,LinkedIn,20,11.9,3.4,96.4,735.76,697.73,5.17,Churned,2025-08-31,16,3984
ECO00480,2026-04-10,Technology,UK,Medium,124,Starter,39,Monthly,Paid Search,15,10.6,3.8,88.5,3448.08,3184.92,7.63,Active,,5,195
ECO00481,2026-06-16,Technology,USA,Micro,18,Starter,39,Monthly,Outbound Sales,19,11.0,3.3,96.1,486.86,486.97,-0.02,Active,,3,117
ECO00482,2024-05-18,Manufacturing,UK,Small,30,Starter,39,Monthly,Paid Search,13,10.9,3.8,95.2,2052.96,2054.93,-0.1,Churned,2025-01-31,9,351
ECO00483,2026-06-15,Professional Services,Germany,Small,44,Professional,99,Monthly,LinkedIn,8,5.0,2.0,77.3,1352.54,1359.3,-0.5,Active,,3,297
ECO00484,2024-06-19,Retail,USA,Small,68,Business,249,Monthly,,22,11.5,4.1,94.3,2301.72,2184.18,5.11,Churned,2026-06-30,25,6225
ECO00485,2025-04-21,Logistics,UK,Small,43,Business,249,Monthly,Paid Search,21,9.6,2.9,87.7,2237.02,2083.34,6.87,Churned,2025-12-31,9,2241
ECO00486,2026-05-23,Technology,USA,Small,51,Professional,99,Monthly,Partner,12,9.5,3.5,87.4,1641.1,1604.68,2.22,Active,,4,396
ECO00487,2024-02-24,Manufacturing,India,Small,30,Starter,39,Annual,Paid Search,16,12.3,4.5,95.7,2071.42,1817.81,12.24,Active,,31,1209
ECO00488,2024-08-09,Healthcare,UK,Micro,6,Professional,99,Monthly,LinkedIn,18,7.9,2.5,81.1,249.72,236.43,5.32,Churned,2025-03-31,8,792
ECO00489,2024-08-07,Professional Services,Australia,Small,41,Starter,39,Monthly,Partner,21,10.2,3.5,87.9,1143.96,1194.14,-4.39,Churned,2025-05-31,10,390
ECO00490,2026-05-19,Manufacturing,India,Medium,131,Starter,39,Annual,Organic Search,16,9.8,2.8,91.6,8664.98,8371.49,3.39,Active,,4,156
ECO00491,2024-04-01,Education,UK,Large,1056,Business,249,Annual,LinkedIn,21,9.3,3.0,87.4,29858.66,26502.88,11.24,Active,,29,7221
ECO00492,2024-02-17,Technology,UK,Medium,283,Business,249,Monthly,LinkedIn,24,11.6,3.8,96.4,7937.16,7731.64,2.59,Active,,31,7719
ECO00493,2026-01-10,Technology,Netherlands,Micro,14,Professional,99,Monthly,Referral,6,9.4,2.2,86.4,422.11,476.86,-12.97,Churned,2026-08-31,8,792
ECO00494,2025-10-24,Manufacturing,UK,Medium,297,Professional,99,Annual,Outbound Sales,11,9.7,3.2,91.2,17312.49,17277.33,0.2,Active,,11,1089
ECO00495,2025-10-17,Technology,Germany,Small,52,Professional,99,Monthly,,25,9.1,3.5,92.5,1422.28,1284.92,9.66,Active,,11,1089
ECO00496,2026-04-01,Retail,USA,Micro,6,Business,249,Annual,Outbound Sales,16,11.8,4.2,94.0,204.28,212.06,-3.81,Active,,5,1245
ECO00497,2025-07-19,Retail,Netherlands,Small,53,Business,249,Monthly,Organic Search,21,9.5,3.6,90.6,2021.56,2005.8,0.78,Active,,14,3486
ECO00498,2025-03-23,Healthcare,USA,Micro,12,Starter,39,Monthly,Organic Search,21,12.4,3.8,95.0,518.39,508.63,1.88,Active,,18,702
ECO00499,2024-12-11,Professional Services,USA,Small,41,Starter,39,Annual,Organic Search,12,5.7,2.0,80.2,1125.73,1055.9,6.2,Active,,21,819
ECO00500,2025-01-21,Technology,UK,Medium,142,Professional,99,Monthly,LinkedIn,25,7.4,2.4,83.0,3401.84,3369.32,0.96,Active,,20,1980
ECO00501,2026-06-05,Manufacturing,UK,Micro,5,Starter,39,Monthly,Partner,9,12.7,3.0,89.9,316.84,330.89,-4.43,Active,,3,117
ECO00502,2025-08-14,Logistics,UK,Small,74,Starter,39,Monthly,Partner,11,8.0,2.1,86.8,3891.09,3710.67,4.64,Churned,2026-03-31,8,312
ECO00503,2026-03-26,Retail,USA,Medium,246,Starter,39,Monthly,LinkedIn,13,9.5,2.5,87.8,9965.97,9187.52,7.81,Active,,6,234
ECO00504,2026-08-11,Healthcare,UK,Micro,6,Starter,39,Monthly,Outbound Sales,14,7.0,2.0,78.0,250.09,250.09,0.0,Active,,1,39
ECO00505,2026-07-27,Healthcare,India,Small,73,Professional,99,Monthly,Paid Search,17,12.0,3.0,88.8,2986.85,3113.53,-4.24,Active,,2,198
ECO00506,2025-10-07,Professional Services,UK,Medium,193,Starter,39,Annual,Outbound Sales,19,10.8,4.1,93.0,6330.87,6547.67,-3.42,Active,,11,429
ECO00507,2024-12-26,Technology,UK,Micro,11,Starter,39,Annual,LinkedIn,11,11.9,3.6,93.3,343.11,331.78,3.3,Active,,21,819
ECO00508,2024-02-22,Retail,USA,Small,25,Starter,39,Monthly,Referral,12,11.7,3.8,94.1,923.71,827.2,10.45,Churned,2024-10-31,9,351
ECO00509,2024-12-05,Healthcare,UK,Small,35,Business,249,Monthly,LinkedIn,25,9.0,2.6,87.1,1577.06,1381.17,12.42,Active,,21,5229
ECO00510,2026-02-01,Healthcare,Germany,Small,56,Enterprise,699,Monthly,Outbound Sales,15,9.0,3.1,89.6,2707.55,2507.27,7.4,Active,,7,4893
ECO00511,2025-11-18,Hospitality,USA,Medium,139,Business,249,Monthly,Outbound Sales,19,9.4,3.1,88.5,5822.77,5361.18,7.93,Active,,10,2490
ECO00512,2024-09-17,Hospitality,India,Medium,126,Professional,99,Monthly,Outbound Sales,17,10.6,2.8,91.5,5272.64,4775.23,9.43,Churned,2026-08-31,24,2376
ECO00513,2024-12-01,Professional Services,France,Small,35,Business,249,Monthly,Organic Search,23,10.0,3.4,89.6,1112.2,1049.3,5.66,Active,,21,5229
ECO00514,2024-05-17,Professional Services,UK,Small,26,Professional,99,Annual,Organic Search,20,9.4,3.2,89.5,787.89,738.55,6.26,Active,,28,2772
ECO00515,2025-10-14,Technology,India,Micro,5,Starter,39,Annual,Referral,18,8.8,2.2,92.8,135.41,143.53,-6.0,Churned,2026-01-31,4,156
ECO00516,2025-01-04,Logistics,India,Small,67,Enterprise,699,Annual,Paid Search,20,11.2,3.6,92.6,3747.1,3583.24,4.37,Churned,2026-04-30,16,11184
ECO00517,2026-02-17,Logistics,Netherlands,Small,65,Starter,39,Annual,Referral,12,8.6,3.4,89.5,3176.59,3331.12,-4.86,Churned,2026-06-30,5,195
ECO00518,2026-08-26,Education,France,Micro,8,Professional,99,Monthly,Organic Search,16,10.0,3.0,98.1,240.04,240.04,0.0,Active,,1,99
ECO00519,2024-04-02,Logistics,Canada,Medium,81,Starter,39,Monthly,Partner,19,8.5,2.5,84.2,3737.76,3558.26,4.8,Churned,2024-07-31,4,156
ECO00520,2024-01-09,Healthcare,France,Small,70,Starter,39,Monthly,Partner,13,12.0,5.0,97.1,3152.88,3311.4,-5.03,Churned,2024-03-31,3,117
ECO00521,2025-09-11,Manufacturing,UK,Micro,9,Starter,39,Annual,LinkedIn,22,8.5,3.3,84.0,703.57,597.95,15.01,Active,,12,468
ECO00522,2025-06-16,Professional Services,Canada,Small,44,Professional,99,Monthly,Referral,13,11.9,3.9,96.4,1469.14,1291.91,12.06,Active,,15,1485
ECO00523,2025-11-09,Manufacturing,India,Small,38,Business,249,Annual,Paid Search,17,9.6,3.7,92.6,2618.84,2244.87,14.28,Active,,10,2490
ECO00524,2026-01-15,Manufacturing,UK,Medium,197,Professional,99,Annual,Partner,16,11.2,3.5,92.0,13735.46,12773.6,7.0,Active,,8,792
ECO00525,2026-07-02,Technology,Australia,Medium,83,Professional,99,Monthly,Referral,13,11.5,4.5,90.0,2248.39,2185.12,2.81,Active,,2,198
ECO00526,2024-02-15,Retail,Australia,Small,31,Starter,39,Monthly,Organic Search,14,11.2,3.6,94.4,997.09,960.07,3.71,Active,,31,1209
ECO00527,2024-06-23,Technology,USA,Small,22,Enterprise,699,Annual,Paid Search,14,10.4,3.6,93.9,715.42,605.24,15.4,Active,,27,18873
ECO00528,2025-10-01,Technology,UK,Micro,7,Business,249,Monthly,Outbound Sales,25,13.5,3.5,90.6,175.86,196.02,-11.46,Churned,2025-11-30,2,498
ECO00529,2025-09-09,Professional Services,Germany,Medium,269,Business,249,Annual,Paid Search,15,12.4,3.9,95.3,9358.6,8315.89,11.14,Active,,12,2988
ECO00530,2025-03-11,Professional Services,India,Micro,16,Starter,39,Monthly,Referral,23,6.0,1.8,81.2,516.44,527.59,-2.16,Churned,2025-06-30,4,156
ECO00531,2025-05-21,Professional Services,Canada,Small,37,Professional,99,Annual,Paid Search,11,11.8,4.4,95.3,1281.86,1018.37,20.56,Active,,16,1584
ECO00532,2026-02-18,Hospitality,India,Small,59,Professional,99,Monthly,Outbound Sales,13,11.4,3.6,92.7,2438.01,2363.81,3.04,Active,,7,693
ECO00533,2025-12-08,Manufacturing,Australia,Micro,12,Business,249,Annual,Paid Search,9,8.0,2.3,83.8,827.56,780.28,5.71,Active,,9,2241
ECO00534,2026-07-10,Education,India,Medium,278,Starter,39,Annual,Paid Search,20,12.0,3.5,97.9,8561.04,9230.75,-7.82,Active,,2,78
ECO00535,2025-06-17,Manufacturing,USA,Small,76,Professional,99,Annual,LinkedIn,19,9.1,4.2,91.4,5184.58,4802.28,7.37,Active,,15,1485
ECO00536,2025-11-16,Technology,Canada,Medium,141,Professional,99,Annual,Outbound Sales,16,8.6,2.0,87.2,4770.72,4517.59,5.31,Active,,10,990
ECO00537,2025-08-10,Healthcare,USA,Small,53,Starter,39,Monthly,Paid Search,9,12.9,4.3,93.9,2179.85,2203.51,-1.09,Active,,13,507
ECO00538,2026-07-11,Professional Services,France,Small,67,Starter,39,Annual,Referral,10,9.0,4.0,90.6,2216.28,2136.87,3.58,Active,,2,78
ECO00539,2024-04-04,Technology,UK,Micro,17,Starter,39,Monthly,Organic Search,15,10.0,2.7,86.0,490.01,451.2,7.92,Active,,29,1131
ECO00540,2026-02-20,Technology,Germany,Micro,15,Starter,39,Annual,LinkedIn,21,8.7,2.1,86.8,418.23,394.26,5.73,Active,,7,273
ECO00541,2025-10-15,Healthcare,Canada,Medium,154,Professional,99,Annual,Partner,20,10.9,4.6,92.9,7433.74,6931.09,6.76,Churned,2026-06-30,9,891
ECO00542,2026-02-02,Retail,USA,Medium,159,Professional,99,Monthly,Outbound Sales,35,12.0,4.0,92.8,6422.18,5971.0,7.03,Active,,7,693
ECO00543,2025-12-15,Professional Services,Germany,Medium,138,Starter,39,Monthly,Outbound Sales,17,11.4,3.1,90.6,3840.0,3558.37,7.33,Active,,9,351
ECO00544,2024-11-06,Manufacturing,Canada,Medium,122,Starter,39,Monthly,Paid Search,11,12.2,4.2,94.4,8784.7,8029.59,8.6,Churned,2025-10-31,12,468
ECO00545,2025-06-05,Manufacturing,USA,Micro,13,Professional,99,Annual,LinkedIn,18,10.7,3.7,93.6,875.55,874.1,0.17,Active,,15,1485
ECO00546,2026-07-04,Technology,India,Medium,225,Professional,99,Monthly,Organic Search,11,7.0,3.0,82.8,7569.58,6590.91,12.93,Active,,2,198
ECO00547,2024-05-05,Retail,Germany,Small,51,Starter,39,Monthly,Organic Search,16,12.2,4.4,95.2,2050.02,1794.56,12.46,Active,,28,1092
ECO00548,2026-06-19,,UK,Micro,16,Professional,99,Annual,Partner,22,11.3,3.0,91.8,452.13,455.24,-0.69,Active,,3,297
ECO00549,2025-05-26,Professional Services,UK,Medium,294,Enterprise,699,Annual,Partner,21,7.1,2.3,83.3,7653.79,7476.0,2.32,Active,,16,11184
ECO00550,2026-04-09,Healthcare,Australia,Medium,229,Professional,99,Monthly,Organic Search,17,11.0,2.8,88.3,9787.21,10363.0,-5.88,Active,,5,495
ECO00551,2026-03-09,Professional Services,Netherlands,Small,40,Starter,39,Monthly,Partner,23,10.3,3.5,91.5,1222.88,1245.6,-1.86,Active,,6,234
ECO00552,2025-03-12,Manufacturing,Canada,Small,60,Starter,39,Monthly,LinkedIn,18,12.2,3.6,94.1,4486.77,4175.31,6.94,Active,,18,702
ECO00553,2025-08-14,Manufacturing,UK,Medium,270,Professional,99,Monthly,Organic Search,19,9.1,3.5,89.2,19225.61,16695.23,13.16,Active,,13,1287
ECO00554,2024-06-21,Retail,UK,Micro,9,Professional,99,Monthly,Outbound Sales,19,8.2,2.7,84.4,331.51,331.41,0.03,Churned,2024-11-30,6,594
ECO00555,2025-02-08,Professional Services,USA,Small,77,Starter,39,Monthly,Paid Search,21,6.6,1.7,81.2,2549.25,2153.84,15.51,Churned,2026-07-31,18,702
ECO00556,2026-08-27,Retail,France,Small,76,Professional,99,Monthly,Paid Search,21,11.0,5.0,89.1,2562.0,2562.0,0.0,Active,,1,99
ECO00557,2026-02-02,Healthcare,Netherlands,Small,23,Starter,39,Annual,Paid Search,17,11.1,3.9,94.7,1044.78,963.27,7.8,Active,,7,273
ECO00558,2025-11-12,Healthcare,UK,Small,47,Professional,99,Monthly,Outbound Sales,20,11.3,3.8,94.2,2339.74,2040.61,12.78,Churned,2026-08-31,10,990
ECO00559,2024-07-12,Hospitality,UK,Micro,14,Business,249,Annual,Paid Search,26,12.0,2.0,94.6,601.75,620.31,-3.08,Churned,2024-08-31,2,498
ECO00560,2026-03-05,Education,Germany,Small,38,Starter,39,Annual,Paid Search,13,8.2,3.2,85.5,1282.05,1328.53,-3.63,Active,,6,234
ECO00561,2025-12-04,Professional Services,USA,Small,51,Starter,39,Monthly,Referral,19,8.6,3.8,87.4,1538.06,1511.71,1.71,Active,,9,351
ECO00562,2024-03-06,Hospitality,USA,Medium,216,Business,249,Monthly,Paid Search,17,9.5,3.3,88.1,8373.87,8084.89,3.45,Churned,2025-05-31,15,3735
ECO00563,2024-04-07,Retail,UK,Small,65,Starter,39,Annual,Referral,9,11.9,3.7,94.3,2308.48,2223.86,3.67,Active,,29,1131
ECO00564,2025-12-26,Manufacturing,USA,Micro,13,Professional,99,Monthly,Outbound Sales,24,10.7,3.4,86.3,873.45,810.83,7.17,Active,,9,891
ECO00565,2025-01-02,Professional Services,UK,Small,22,Professional,99,Monthly,Referral,24,11.4,3.8,93.6,598.31,598.76,-0.08,Active,,20,1980
ECO00566,2026-01-08,Professional Services,USA,Small,58,Starter,39,Monthly,Organic Search,15,13.1,3.8,95.8,1579.61,1704.74,-7.92,Active,,8,312
ECO00567,2024-03-22,Retail,Germany,Small,53,Starter,39,Monthly,Referral,9,7.9,2.4,84.4,1671.43,1649.4,1.32,Active,,30,1170
ECO00568,2026-07-12,Technology,Germany,Small,71,Professional,99,Annual,Referral,18,10.0,4.5,88.8,2227.35,2159.44,3.05,Active,,2,198
ECO00569,2026-04-10,Healthcare,Canada,Small,75,Starter,39,Monthly,Organic Search,13,8.4,1.6,81.0,3531.27,3643.22,-3.17,Active,,5,195
ECO00570,2026-05-02,Manufacturing,UK,Medium,147,Business,249,Monthly,Paid Search,21,7.5,2.8,85.6,11465.64,11026.38,3.83,Active,,4,996
ECO00571,2025-08-25,Technology,Canada,Micro,13,Starter,39,Annual,Organic Search,9,9.2,3.2,87.8,403.37,416.01,-3.13,Active,,13,507
ECO00572,2024-06-04,Professional Services,UK,Large,793,Business,249,Annual,Organic Search,14,11.0,3.6,93.2,29341.63,25503.74,13.08,Active,,27,6723
ECO00573,2026-02-16,Healthcare,UK,Medium,135,Starter,39,Monthly,Referral,15,10.9,3.6,93.5,6427.84,6863.49,-6.78,Active,,7,273
ECO00574,2026-05-14,Healthcare,USA,Micro,13,Professional,99,Monthly,Organic Search,27,10.0,4.0,92.6,584.41,546.01,6.57,Active,,4,396
ECO00575,2024-09-19,Manufacturing,UK,Micro,12,Starter,39,Monthly,Partner,15,9.4,3.5,90.4,885.72,752.52,15.04,Active,,24,936
ECO00576,2024-03-01,Retail,France,Micro,10,Starter,39,Annual,Referral,16,11.9,4.2,94.5,350.33,303.18,13.46,Active,,30,1170
ECO00577,2025-11-04,Healthcare,Canada,Micro,12,Starter,39,Annual,Outbound Sales,21,8.5,2.4,85.7,623.64,542.33,13.04,Active,,10,390
ECO00578,2025-03-18,Manufacturing,Canada,Medium,150,Starter,39,Annual,Organic Search,14,11.0,3.9,97.0,9689.83,10187.8,-5.14,Churned,2025-10-31,8,312
ECO00579,2024-05-05,Technology,Canada,Medium,145,Professional,99,Monthly,LinkedIn,20,10.2,3.2,88.9,5063.51,4294.44,15.19,Active,,28,2772
ECO00580,2025-05-11,Retail,France,Micro,13,Business,249,Monthly,Partner,21,10.9,3.5,93.2,505.52,444.13,12.14,Active,,16,3984
ECO00581,2025-02-17,Technology,USA,Small,31,Professional,99,Annual,Outbound Sales,32,11.6,3.9,94.6,864.76,933.98,-8.0,Active,,19,1881
ECO00582,2026-06-08,Professional Services,France,Micro,8,Professional,99,Monthly,Paid Search,10,13.3,3.0,97.1,214.57,230.0,-7.19,Active,,3,297
ECO00583,2025-05-03,Retail,UK,Small,57,Starter,39,Annual,Referral,20,11.1,3.7,92.8,1888.63,1756.46,7.0,Active,,16,624
ECO00584,2026-07-15,Retail,India,Micro,15,Professional,99,Monthly,Referral,26,10.0,3.5,91.8,633.3,605.8,4.34,Active,,2,198
ECO00585,2024-04-02,Hospitality,Netherlands,Small,79,Professional,99,Annual,Outbound Sales,15,11.6,3.7,93.4,3197.46,3033.84,5.12,Active,,29,2871
ECO00586,2024-06-23,Retail,India,Small,38,Starter,39,Monthly,LinkedIn,11,8.4,3.0,83.9,1441.02,1300.57,9.75,Churned,2024-10-31,5,195
ECO00587,2025-08-01,Education,UK,Medium,92,Starter,39,Monthly,Outbound Sales,18,12.4,4.2,96.2,3049.1,2589.29,15.08,Active,,13,507
ECO00588,2025-01-01,Professional Services,UK,Micro,5,Professional,99,Annual,Organic Search,6,11.2,3.5,95.2,130.71,130.09,0.47,Churned,2026-01-31,13,1287
ECO00589,2025-11-07,Technology,UK,Micro,6,Business,249,Monthly,Organic Search,27,11.0,3.7,94.7,151.66,161.83,-6.71,Active,,10,2490
ECO00590,2025-02-25,Professional Services,USA,Medium,143,Professional,99,Annual,Organic Search,22,12.3,4.1,95.1,4075.33,3752.02,7.93,Active,,19,1881
ECO00591,2024-05-04,Professional Services,Netherlands,Medium,261,Starter,39,Annual,LinkedIn,14,12.1,3.8,94.5,7939.98,7237.87,8.84,Active,,28,1092
ECO00592,2025-04-24,Hospitality,UK,Small,27,Professional,99,Annual,Organic Search,18,9.3,3.1,87.1,1266.38,1087.0,14.16,Active,,17,1683
ECO00593,2025-03-16,Manufacturing,France,Micro,17,Business,249,Annual,Partner,9,8.3,3.0,84.9,1129.36,1058.26,6.3,Active,,18,4482
ECO00594,2026-03-15,Hospitality,UK,Medium,136,Starter,39,Monthly,Organic Search,17,5.8,3.0,82.6,5688.17,5261.6,7.5,Active,,6,234
ECO00595,2024-12-15,Technology,USA,Large,759,Enterprise,699,Monthly,Paid Search,6,9.9,3.3,91.3,21868.73,19321.38,11.65,Churned,2026-02-28,15,10485
ECO00596,2026-01-10,Retail,UK,Small,71,Professional,99,Annual,Organic Search,11,8.4,3.2,87.9,2448.93,2493.11,-1.8,Active,,8,792
ECO00597,2026-07-17,Retail,Canada,Small,68,Starter,39,Annual,Paid Search,17,9.5,3.5,87.2,2233.53,2285.62,-2.33,Active,,2,78
ECO00598,2024-12-02,Technology,India,Small,62,Professional,99,Monthly,Partner,15,11.0,3.4,93.1,1691.27,1760.93,-4.12,Churned,2025-11-30,12,1188
ECO00599,2024-06-21,Logistics,India,Small,32,Business,249,Monthly,Referral,22,10.7,3.5,90.3,1789.89,1613.86,9.83,Active,,27,6723
ECO00600,2024-11-15,Retail,UK,Medium,84,Professional,99,Monthly,Organic Search,16,8.3,3.1,87.4,2912.98,2642.07,9.3,Active,,22,2178
ECO00601,2026-04-12,Hospitality,USA,Small,43,Business,249,Annual,LinkedIn,20,11.0,2.6,89.9,2045.39,2075.26,-1.46,Active,,5,1245
ECO00602,2025-07-20,Technology,UK,Large,722,Starter,39,Monthly,Paid Search,21,10.0,2.9,91.7,20553.04,19622.34,4.53,Churned,2026-03-31,9,351
ECO00603,2025-10-15,Logistics,USA,Micro,17,Business,249,Monthly,Outbound Sales,25,8.5,3.1,89.0,779.86,800.27,-2.62,Active,,11,2739
ECO00604,2026-02-13,Hospitality,UK,Micro,10,Starter,39,Monthly,Partner,19,12.3,3.0,92.5,435.0,436.86,-0.43,Churned,2026-04-30,3,117
ECO00605,2024-09-06,Technology,USA,Medium,111,Professional,99,Annual,Referral,10,12.2,3.9,96.4,3274.95,2957.76,9.69,Active,,24,2376
ECO00606,2024-08-06,Technology,India,Micro,18,Starter,39,Monthly,Paid Search,27,11.0,3.4,95.1,502.74,499.23,0.7,Active,,25,975
ECO00607,2025-07-19,Professional Services,India,Small,44,Business,249,Annual,Organic Search,25,9.4,2.9,89.3,1178.82,1140.47,3.25,Active,,14,3486
ECO00608,2025-08-01,Technology,Canada,Micro,5,Starter,39,Monthly,Referral,19,11.0,3.8,91.3,134.38,156.05,-16.13,Churned,2026-01-31,6,234
ECO00609,2024-12-20,Logistics,Germany,Small,23,Starter,39,Monthly,Organic Search,23,12.4,3.5,92.8,1405.7,1284.93,8.59,Active,,21,819
ECO00610,2025-02-15,Technology,USA,Micro,7,Professional,99,Monthly,LinkedIn,23,8.7,2.3,88.0,207.83,220.72,-6.2,Churned,2025-04-30,3,297
ECO00611,2026-08-13,Manufacturing,Australia,Small,74,Starter,39,Monthly,Paid Search,20,8.0,2.0,95.0,4689.89,4689.89,0.0,Active,,1,39
ECO00612,2024-09-16,Education,France,Large,1135,Business,249,Monthly,Organic Search,16,9.3,2.9,85.8,32170.72,30104.46,6.42,Active,,24,5976
ECO00613,2025-01-15,Manufacturing,India,Medium,108,Professional,99,Monthly,Outbound Sales,19,9.8,3.1,90.1,7477.46,6984.42,6.59,Active,,20,1980
ECO00614,2024-10-15,Healthcare,Netherlands,Small,40,Professional,99,Monthly,Organic Search,27,11.6,3.3,92.8,1759.77,1723.35,2.07,Churned,2026-03-31,18,1782
ECO00615,2024-11-16,Retail,Germany,Small,21,Starter,39,Annual,Paid Search,15,10.6,3.5,91.2,765.24,739.47,3.37,Churned,2026-08-31,22,858
ECO00616,2025-10-17,Professional Services,Canada,Medium,243,Starter,39,Annual,Paid Search,18,10.6,3.2,92.5,7228.64,7309.04,-1.11,Active,,11,429
ECO00617,2026-03-27,Retail,UK,Small,25,Enterprise,699,Monthly,Organic Search,13,8.2,2.8,86.3,872.43,872.88,-0.05,Active,,6,4194
ECO00618,2024-07-14,Technology,Australia,Small,70,Starter,39,Annual,Organic Search,18,7.2,2.9,82.1,2185.73,1935.94,11.43,Churned,2026-05-31,23,897
ECO00619,2025-02-27,,UK,Micro,10,Professional,99,Annual,LinkedIn,11,11.4,3.8,93.0,263.57,274.56,-4.17,Active,,19,1881
ECO00620,2024-07-24,Healthcare,Netherlands,Large,1031,Business,249,Monthly,LinkedIn,16,10.1,2.9,90.0,52703.89,43228.08,17.98,Churned,2025-08-31,14,3486
ECO00621,2025-02-25,Hospitality,USA,Micro,18,Professional,99,Annual,Outbound Sales,19,11.2,3.9,95.4,735.55,658.34,10.5,Active,,19,1881
ECO00622,2025-11-15,Education,UK,Micro,16,Professional,99,Monthly,Paid Search,17,12.1,3.5,93.1,455.17,470.65,-3.4,Active,,10,990
ECO00623,2024-08-12,Hospitality,USA,Micro,18,Professional,99,Annual,Referral,11,9.2,2.0,88.1,715.53,734.99,-2.72,Churned,2024-11-30,4,396
ECO00624,2025-11-18,Healthcare,Germany,Small,45,Professional,99,Annual,Outbound Sales,22,6.9,2.0,78.7,2050.22,2084.12,-1.65,Active,,10,990
ECO00625,2024-07-14,Logistics,Australia,Large,740,Enterprise,699,Monthly,Paid Search,21,10.2,3.3,91.7,44108.52,36815.45,16.53,Active,,26,18174
ECO00626,2025-09-03,Professional Services,USA,Small,56,Professional,99,Annual,Partner,20,5.3,2.1,79.5,1746.81,1802.92,-3.21,Active,,12,1188
ECO00627,2025-09-16,Professional Services,USA,Small,51,Business,249,Annual,Organic Search,15,9.5,3.0,86.6,1349.19,1272.8,5.66,Active,,12,2988
ECO00628,2026-08-18,Healthcare,Netherlands,Small,64,Business,249,Monthly,Outbound Sales,16,7.0,3.0,76.5,2661.76,2661.76,0.0,Active,,1,249
ECO00629,2024-01-13,Retail,Germany,Small,31,Professional,99,Monthly,Referral,31,10.7,4.3,96.2,1145.35,1122.57,1.99,Churned,2024-06-30,6,594
ECO00630,2024-02-03,Manufacturing,India,Medium,125,Starter,39,Monthly,Outbound Sales,18,11.2,3.5,97.0,8271.69,8334.26,-0.76,Churned,2024-07-31,6,234
ECO00631,2024-06-23,Healthcare,USA,Small,67,Professional,99,Monthly,Partner,17,11.3,4.3,95.8,3024.13,2610.96,13.66,Active,,27,2673
ECO00632,2024-08-05,Hospitality,Australia,Small,50,Professional,99,Monthly,LinkedIn,15,7.3,3.5,86.6,2046.46,2159.63,-5.53,Churned,2025-05-31,10,990
ECO00633,2025-07-14,Technology,Germany,Micro,12,Professional,99,Annual,Paid Search,17,9.8,3.6,88.5,389.11,376.07,3.35,Active,,14,1386
ECO00634,2026-04-15,Hospitality,UK,Micro,19,Professional,99,Monthly,Organic Search,13,11.2,3.8,93.6,930.08,870.65,6.39,Active,,5,495
ECO00635,2025-09-15,Healthcare,France,Small,34,Professional,99,Monthly,Referral,14,7.9,2.8,86.7,1591.83,1620.18,-1.78,Active,,12,1188
ECO00636,2026-04-23,Hospitality,USA,Large,784,Professional,99,Monthly,Referral,11,5.4,1.0,76.0,35386.08,33727.08,4.69,Active,,5,495
ECO00637,2024-07-17,Healthcare,Germany,Large,952,Enterprise,699,Monthly,Paid Search,11,7.8,2.2,81.9,46773.86,41705.8,10.84,Churned,2025-11-30,17,11883
ECO00638,2024-02-18,Technology,UK,Micro,9,Starter,39,Annual,LinkedIn,19,12.0,4.1,95.9,250.31,236.09,5.68,Active,,31,1209
ECO00639,2024-06-07,Retail,Netherlands,Micro,11,Professional,99,Annual,Referral,12,9.3,3.2,88.4,380.23,350.3,7.87,Active,,27,2673
ECO00640,2025-06-07,Technology,India,Small,64,Professional,99,Annual,Referral,23,11.9,3.7,95.1,2153.8,1759.14,18.32,Active,,15,1485
ECO00641,2024-05-24,Retail,UK,Micro,17,Business,249,Monthly,Organic Search,18,12.5,4.1,97.0,552.74,494.55,10.53,Churned,2026-04-30,24,5976
ECO00642,2026-03-18,Professional Services,Germany,Small,62,Professional,99,Monthly,LinkedIn,9,11.7,3.8,92.1,1853.78,1882.19,-1.53,Active,,6,594
ECO00643,2024-09-21,Logistics,UK,Small,40,Starter,39,Monthly,Referral,17,11.8,3.7,94.9,2090.64,1887.68,9.71,Active,,24,936
ECO00644,2024-05-03,Hospitality,UK,Medium,255,Professional,99,Monthly,Paid Search,24,9.5,3.6,90.5,10903.57,10563.09,3.12,Active,,28,2772
ECO00645,2025-01-16,Hospitality,France,Medium,287,Business,249,Monthly,Referral,24,11.1,3.7,91.8,12005.76,12155.28,-1.25,Churned,2026-03-31,15,3735
ECO00646,2026-04-10,Logistics,UK,Medium,261,Professional,99,Monthly,LinkedIn,21,8.4,2.2,82.2,11652.9,11332.11,2.75,Active,,5,495
ECO00647,2026-02-02,Education,Germany,Micro,17,Starter,39,Monthly,Paid Search,26,7.9,1.7,83.0,519.43,466.78,10.14,Active,,7,273
ECO00648,2026-02-16,Professional Services,UK,Small,48,Professional,99,Monthly,Organic Search,12,8.4,2.0,80.2,1444.13,1608.42,-11.38,Active,,7,693
ECO00649,2024-09-05,Professional Services,Australia,Micro,8,Starter,39,Annual,Paid Search,25,11.0,3.8,93.3,239.91,222.25,7.36,Active,,24,936
ECO00650,2026-05-21,Technology,India,Medium,132,Professional,99,Annual,Paid Search,16,11.5,4.8,92.2,4707.6,3994.52,15.15,Active,,4,396
ECO00651,2025-09-09,Retail,Germany,Small,65,Business,249,Monthly,Organic Search,12,11.7,3.9,91.6,2148.55,1973.8,8.13,Active,,12,2988
ECO00652,2026-07-12,Healthcare,UK,Medium,268,Starter,39,Monthly,Partner,5,11.5,4.5,95.4,12697.87,12400.18,2.34,Active,,2,78
ECO00653,2025-09-09,Manufacturing,Australia,Small,56,Professional,99,Annual,Referral,22,10.3,3.5,92.1,3706.07,3465.51,6.49,Active,,12,1188
ECO00654,2024-12-06,Professional Services,Netherlands,Small,74,Professional,99,Annual,LinkedIn,18,11.7,3.6,94.2,2208.43,2149.22,2.68,Active,,21,2079
ECO00655,2026-02-09,Technology,Netherlands,Micro,19,Business,249,Annual,Outbound Sales,19,9.7,3.3,90.0,645.69,564.26,12.61,Active,,7,1743
ECO00656,2025-09-13,Healthcare,Germany,Small,34,Business,249,Annual,Organic Search,17,10.6,3.4,91.1,1382.27,1418.45,-2.62,Churned,2026-08-31,12,2988
ECO00657,2024-10-19,Education,France,Large,341,Enterprise,699,Annual,Partner,20,11.4,3.8,94.7,10966.33,10323.72,5.86,Churned,2025-06-30,9,6291
ECO00658,2025-05-01,Manufacturing,UK,Small,24,Business,249,Monthly,Organic Search,20,10.1,3.4,92.2,1597.84,1284.01,19.64,Active,,16,3984
ECO00659,2025-01-01,Hospitality,UK,Medium,160,Enterprise,699,Annual,Partner,18,6.0,1.5,82.0,6685.85,7216.31,-7.93,Churned,2025-02-28,2,1398
ECO00660,2026-03-13,Hospitality,India,Micro,7,Professional,99,Monthly,Outbound Sales,17,12.8,3.0,94.5,301.71,289.94,3.9,Churned,2026-06-30,4,396
ECO00661,2026-08-18,Technology,France,Small,45,Business,249,Monthly,Partner,27,8.0,2.0,90.4,1170.04,1170.04,0.0,Active,,1,249
ECO00662,2026-06-10,Retail,UK,Small,55,Professional,99,Monthly,Organic Search,23,9.7,3.3,86.7,1799.38,1747.87,2.86,Active,,3,297
ECO00663,2024-07-16,Logistics,UK,Small,43,Business,249,Monthly,Organic Search,5,9.0,3.2,88.4,2135.11,2135.84,-0.03,Churned,2025-07-31,13,3237
ECO00664,2024-01-01,Technology,Netherlands,Large,1032,Business,249,Monthly,Organic Search,20,8.0,2.8,85.7,32049.75,31030.53,3.18,Active,,32,7968
ECO00665,2025-05-17,Healthcare,UK,Small,21,Professional,99,Monthly,Outbound Sales,28,11.9,3.7,93.8,970.67,851.56,12.27,Active,,16,1584
ECO00666,2025-08-07,Manufacturing,Germany,Medium,97,Starter,39,Annual,Organic Search,16,13.5,3.9,94.1,6198.16,5993.21,3.31,Active,,13,507
ECO00667,2026-07-18,Technology,Australia,Small,28,Starter,39,Monthly,LinkedIn,17,8.0,3.0,83.0,757.39,797.18,-5.25,Active,,2,78
ECO00668,2025-04-23,Hospitality,Germany,Large,653,Enterprise,699,Monthly,,18,10.3,3.6,90.3,27060.26,26926.66,0.49,Churned,2026-07-31,16,11184
ECO00669,2024-07-15,Manufacturing,Germany,Small,76,Starter,39,Annual,LinkedIn,24,11.0,3.7,88.8,5328.6,5175.71,2.87,Churned,2024-12-31,6,234
ECO00670,2024-11-15,Manufacturing,UK,Small,24,Starter,39,Annual,Organic Search,22,12.4,4.0,96.6,1711.84,1595.52,6.8,Churned,2025-11-30,13,507
ECO00671,2024-02-02,,UK,Medium,205,Professional,99,Monthly,Outbound Sales,19,12.1,3.9,95.4,10670.08,9872.11,7.48,Active,,31,3069
ECO00672,2024-02-17,Professional Services,UK,Large,565,Business,249,Monthly,LinkedIn,5,10.5,4.0,91.6,16482.48,16575.23,-0.56,Churned,2024-05-31,4,996
ECO00673,2025-02-12,Technology,USA,Small,78,Starter,39,Monthly,Partner,17,11.8,3.6,93.0,2284.53,2243.58,1.79,Churned,2026-02-28,13,507
ECO00674,2025-12-26,Manufacturing,UK,Medium,161,Enterprise,699,Monthly,Referral,18,12.0,3.6,94.3,11846.24,10112.43,14.64,Active,,9,6291
ECO00675,2024-07-24,Healthcare,UK,Small,68,Starter,39,Monthly,Partner,22,11.8,3.7,92.9,3179.86,2950.97,7.2,Churned,2026-08-31,26,1014
ECO00676,2025-03-11,Logistics,India,Medium,96,Professional,99,Monthly,Partner,16,9.9,3.4,92.6,4842.39,5054.13,-4.37,Churned,2026-06-30,16,1584
ECO00677,2025-04-08,Retail,France,Medium,102,Professional,99,Monthly,Outbound Sales,8,10.4,3.6,94.1,3433.4,3330.87,2.99,Churned,2025-10-31,7,693
ECO00678,2025-04-12,Retail,UK,Small,44,Starter,39,Annual,Outbound Sales,18,9.2,3.3,89.1,1663.08,1565.7,5.86,Active,,17,663
ECO00679,2026-08-03,Professional Services,UK,Medium,200,Starter,39,Monthly,LinkedIn,20,6.0,2.0,89.7,6029.86,6029.86,0.0,Active,,1,39
ECO00680,2024-11-05,Professional Services,USA,Medium,192,Professional,99,Monthly,Partner,15,9.2,2.6,87.7,5359.75,4930.89,8.0,Active,,22,2178
ECO00681,2025-04-18,Technology,India,Large,1018,Enterprise,699,Monthly,Referral,23,11.0,3.8,95.3,31281.95,29447.34,5.86,Active,,17,11883
ECO00682,2025-07-25,Professional Services,India,Micro,7,Professional,99,Monthly,Outbound Sales,23,9.0,2.6,86.9,197.51,192.14,2.72,Active,,14,1386
ECO00683,2025-06-07,Retail,Australia,Small,20,Professional,99,Annual,LinkedIn,16,11.9,3.9,95.7,756.93,701.99,7.26,Active,,15,1485
ECO00684,2026-05-19,Hospitality,Germany,Medium,108,Business,249,Monthly,Organic Search,22,10.5,3.5,91.1,4613.79,4062.15,11.96,Active,,4,996
ECO00685,2026-02-23,Professional Services,UK,Micro,12,Starter,39,Monthly,Partner,13,12.3,3.6,90.8,391.72,377.44,3.65,Active,,7,273
ECO00686,2025-04-17,Retail,USA,Medium,198,Starter,39,Monthly,LinkedIn,14,4.8,1.2,73.8,6349.27,5948.16,6.32,Active,,17,663
ECO00687,2024-11-19,Hospitality,Germany,Small,25,Starter,39,Monthly,Partner,21,11.5,4.3,94.5,1059.28,1011.37,4.52,Active,,22,858
ECO00688,2024-10-25,Technology,Germany,Small,76,Professional,99,Annual,Outbound Sales,17,9.9,3.1,89.1,2232.74,2067.11,7.42,Active,,23,2277
ECO00689,2024-03-17,Hospitality,USA,Medium,295,Starter,39,Monthly,Outbound Sales,21,9.9,3.3,91.5,12645.98,11850.04,6.29,Active,,30,1170
ECO00690,2024-10-12,Hospitality,Canada,Medium,110,Starter,39,Monthly,Organic Search,22,10.8,3.4,91.7,4890.56,4481.32,8.37,Active,,23,897
ECO00691,2025-06-17,Retail,India,Medium,84,Starter,39,Monthly,Outbound Sales,25,8.0,2.5,77.4,3006.43,3161.42,-5.16,Churned,2025-07-31,2,78
ECO00692,2024-06-26,Technology,India,Small,53,Starter,39,Monthly,Organic Search,13,9.3,3.1,87.7,1640.81,1362.35,16.97,Active,,27,1053
ECO00693,2024-07-24,Logistics,Germany,Medium,134,Starter,39,Annual,Outbound Sales,23,8.9,3.4,88.5,6733.09,6506.9,3.36,Churned,2025-01-31,7,273
ECO00694,2025-11-13,Manufacturing,USA,Micro,8,Starter,39,Monthly,Referral,14,10.9,3.8,93.0,566.69,548.02,3.29,Active,,10,390
ECO00695,2025-05-03,Retail,Canada,Medium,158,Professional,99,Monthly,Organic Search,22,8.9,2.6,84.4,5120.61,5203.62,-1.62,Active,,16,1584
ECO00696,2024-06-19,Hospitality,USA,Medium,249,Starter,39,Annual,LinkedIn,21,11.1,4.1,94.0,11016.67,10607.55,3.71,Churned,2025-07-31,14,546
ECO00697,2026-06-05,Professional Services,Netherlands,Small,43,Business,249,Annual,Referral,24,6.7,3.3,87.1,1260.37,1419.47,-12.62,Active,,3,747
ECO00698,2026-02-03,Education,Australia,Small,77,Starter,39,Monthly,Partner,18,10.9,3.9,90.8,2360.93,2343.18,0.75,Active,,7,273
ECO00699,2024-11-08,Education,USA,Small,72,Enterprise,699,Annual,Organic Search,8,9.3,3.2,87.8,2343.83,2130.53,9.1,Churned,2025-11-30,13,9087
ECO00700,2025-03-06,Logistics,UK,Small,49,Starter,39,Annual,Referral,27,8.3,3.0,86.9,2248.24,2272.77,-1.09,Active,,18,702
ECO00701,2026-06-08,Logistics,USA,Micro,19,Starter,39,Annual,Partner,20,10.7,4.3,91.0,802.97,758.9,5.49,Active,,3,117
ECO00702,2025-02-21,Technology,UK,Medium,101,Business,249,Annual,Referral,22,9.1,3.1,86.2,2895.36,2815.67,2.75,Active,,19,4731
ECO00703,2026-06-20,Retail,USA,Medium,286,Enterprise,699,Annual,Referral,25,12.7,2.3,95.7,10438.77,10686.02,-2.37,Active,,3,2097
ECO00704,2024-06-14,Professional Services,Canada,Small,22,Professional,99,Monthly,Organic Search,17,10.6,3.9,92.8,627.91,565.5,9.94,Active,,27,2673
ECO00705,2026-08-11,Logistics,USA,Small,71,Starter,39,Annual,Organic Search,17,11.0,2.0,99.6,3948.66,3948.66,0.0,Active,,1,39
ECO00706,2025-10-09,Education,India,Small,24,Starter,39,Monthly,Referral,19,7.5,2.2,87.4,712.24,719.99,-1.09,Churned,2026-01-31,4,156
ECO00707,2024-02-16,Technology,Australia,Micro,6,Business,249,Monthly,Organic Search,17,8.6,3.2,86.4,183.15,150.07,18.06,Churned,2025-11-30,22,5478
ECO00708,2024-10-23,Healthcare,UK,Medium,255,Enterprise,699,Monthly,Partner,15,10.0,3.2,89.9,10468.78,10183.28,2.73,Active,,23,16077
ECO00709,2026-03-10,Professional Services,UK,Small,75,Professional,99,Annual,Partner,10,10.0,4.0,93.0,2197.95,2116.75,3.69,Active,,6,594
ECO00710,2025-09-16,Manufacturing,Germany,Small,77,Business,249,Monthly,Referral,24,12.3,3.6,93.9,5172.4,4558.37,11.87,Active,,12,2988
ECO00711,2024-08-12,Professional Services,UK,Medium,288,Professional,99,Monthly,LinkedIn,17,12.4,3.9,94.8,9661.83,8515.14,11.87,Churned,2025-12-31,17,1683
ECO00712,2026-06-11,Professional Services,UK,Medium,197,Business,249,Annual,Outbound Sales,11,8.3,2.3,87.6,5884.72,5987.28,-1.74,Active,,3,747
ECO00713,2024-01-26,Technology,Australia,Medium,297,Starter,39,Annual,Outbound Sales,17,12.2,3.8,95.2,8964.77,9855.46,-9.94,Churned,2025-05-31,17,663
ECO00714,2026-06-21,Retail,Australia,Small,43,Professional,99,Monthly,Outbound Sales,12,12.0,3.3,96.1,1577.11,1628.4,-3.25,Active,,3,297
ECO00715,2025-11-26,Professional Services,UK,Medium,255,Business,249,Monthly,Organic Search,18,10.3,3.2,93.8,6858.29,6654.51,2.97,Active,,10,2490
ECO00716,2026-08-04,Professional Services,France,Micro,10,Starter,39,Annual,Organic Search,27,11.0,3.0,84.3,316.38,316.38,0.0,Active,,1,39
ECO00717,2025-07-25,Technology,USA,Small,58,Business,249,Monthly,LinkedIn,10,10.7,4.1,96.5,1709.12,1610.07,5.8,Active,,14,3486
ECO00718,2025-11-17,Manufacturing,Netherlands,Medium,186,Business,249,Annual,Partner,17,11.9,3.7,94.1,14629.13,13604.8,7.0,Active,,10,2490
ECO00719,2024-11-19,Technology,UK,Large,1153,Enterprise,699,Monthly,Organic Search,18,11.4,4.0,94.0,32269.76,29523.05,8.51,Active,,22,15378
ECO00720,2025-02-04,Education,UK,Medium,250,Professional,99,Monthly,Referral,8,11.1,3.3,92.5,8433.03,7340.24,12.96,Active,,19,1881
ECO00721,2025-06-24,Professional Services,UK,Small,38,Business,249,Monthly,Referral,16,10.4,3.5,93.1,1220.71,1004.95,17.67,Churned,2026-01-31,8,1992
ECO00722,2024-12-03,Professional Services,Germany,Small,70,Professional,99,Monthly,Paid Search,18,10.4,3.9,93.2,2116.61,2033.77,3.91,Active,,21,2079
ECO00723,2024-02-19,Technology,UK,Medium,261,Professional,99,Monthly,Partner,16,11.5,3.8,95.7,7728.47,6779.33,12.28,Active,,31,3069
ECO00724,2024-11-18,Education,Germany,Micro,7,Business,249,Monthly,LinkedIn,6,10.7,3.2,90.8,241.0,218.3,9.42,Churned,2026-05-31,19,4731
ECO00725,2024-06-10,Logistics,USA,Medium,129,Business,249,Annual,Referral,30,11.4,3.8,94.8,6038.46,5648.16,6.46,Active,,27,6723
ECO00726,2025-10-11,Manufacturing,Netherlands,Small,31,Business,249,Annual,Referral,13,10.3,3.8,94.8,1972.42,1861.28,5.63,Active,,11,2739
ECO00727,2026-06-01,Retail,France,Micro,6,Professional,99,Monthly,LinkedIn,17,10.3,3.7,91.7,233.77,225.72,3.44,Active,,3,297
ECO00728,2024-10-14,Technology,India,Micro,13,Professional,99,Annual,Outbound Sales,19,12.6,3.9,95.0,397.87,324.25,18.5,Active,,23,2277
ECO00729,2025-07-19,Hospitality,India,Medium,146,Starter,39,Monthly,Organic Search,17,9.4,2.4,87.6,5931.24,5575.34,6.0,Active,,14,546
ECO00730,2025-01-23,Hospitality,Germany,Medium,247,Professional,99,Annual,Organic Search,27,11.2,3.8,94.7,11845.62,11685.63,1.35,Churned,2025-11-30,11,1089
ECO00731,2024-08-03,Hospitality,USA,Small,76,Professional,99,Annual,Outbound Sales,10,10.9,3.8,91.4,3604.95,3260.88,9.54,Active,,25,2475
ECO00732,2024-06-11,Retail,Germany,Medium,106,Business,249,Monthly,Referral,30,11.9,3.9,95.1,3473.81,3645.43,-4.94,Active,,27,6723
ECO00733,2026-04-25,Professional Services,UK,Small,51,Professional,99,Monthly,Outbound Sales,10,5.2,1.8,73.8,1650.71,1656.42,-0.35,Active,,5,495
ECO00734,2026-05-21,Education,Canada,Small,30,Business,249,Annual,Outbound Sales,18,12.0,2.8,92.4,824.5,882.95,-7.09,Active,,4,996
ECO00735,2024-07-05,Technology,India,Small,32,Starter,39,Annual,Outbound Sales,22,10.7,3.8,92.5,947.3,855.57,9.68,Churned,2025-04-30,10,390
ECO00736,2026-07-21,Retail,UK,Small,69,Starter,39,Monthly,Partner,21,10.0,4.0,87.7,2626.88,2721.72,-3.61,Active,,2,78
ECO00737,2024-04-09,Professional Services,UK,Medium,130,Starter,39,Annual,Paid Search,13,8.4,2.8,88.7,3820.41,4072.1,-6.59,Churned,2024-08-31,5,195
ECO00738,2025-01-12,Technology,USA,Micro,19,Business,249,Monthly,Referral,18,11.0,3.9,92.5,482.68,499.08,-3.4,Churned,2025-09-30,9,2241
ECO00739,2024-10-12,Retail,India,Small,77,Professional,99,Annual,Outbound Sales,6,9.3,3.3,87.4,2514.99,2488.83,1.04,Active,,23,2277
ECO00740,2026-05-24,Healthcare,Germany,Small,29,Professional,99,Monthly,Organic Search,11,7.8,2.8,85.9,1480.22,1408.89,4.82,Active,,4,396
ECO00741,2024-01-13,Education,UK,Micro,16,Business,249,Annual,Paid Search,20,11.8,3.9,95.6,556.42,471.35,15.29,Churned,2026-02-28,26,6474
ECO00742,2026-04-08,Manufacturing,India,Small,73,Business,249,Annual,Paid Search,18,12.4,4.4,93.1,5703.89,5324.56,6.65,Active,,5,1245
ECO00743,2025-02-12,Hospitality,Canada,Small,34,Enterprise,699,Annual,LinkedIn,16,9.4,2.5,87.6,1367.17,1257.54,8.02,Active,,19,13281
ECO00744,2026-04-16,Technology,India,Micro,19,Starter,39,Monthly,Referral,17,9.8,3.0,88.6,576.45,622.8,-8.04,Active,,5,195
ECO00745,2025-06-06,Technology,UK,Small,75,Professional,99,Annual,Organic Search,14,9.4,2.8,91.7,2169.27,1896.91,12.56,Active,,15,1485
ECO00746,2024-01-22,Manufacturing,France,Small,49,Business,249,Monthly,LinkedIn,13,12.3,3.9,95.7,3487.11,3237.66,7.15,Active,,32,7968
ECO00747,2025-06-27,Logistics,UK,Medium,294,Business,249,Annual,Outbound Sales,19,8.1,3.1,85.0,14954.76,13703.06,8.37,Active,,15,3735
ECO00748,2025-02-18,Hospitality,USA,Small,30,Professional,99,Monthly,Organic Search,23,10.8,3.6,92.9,1420.18,1204.25,15.2,Active,,19,1881
ECO00749,2026-05-20,Technology,UK,Small,23,Professional,99,Monthly,Referral,17,8.2,3.0,86.0,673.55,625.39,7.15,Active,,4,396
ECO00750,2026-05-21,Logistics,Canada,Micro,19,Starter,39,Monthly,Paid Search,21,12.8,4.5,92.7,999.35,1021.15,-2.18,Active,,4,156
ECO00751,2026-01-19,Professional Services,USA,Small,72,Starter,39,Monthly,Organic Search,18,10.5,4.0,89.6,2068.35,2317.92,-12.07,Active,,8,312
ECO00752,2024-05-27,Manufacturing,UK,Medium,116,Professional,99,Annual,Referral,15,10.1,3.5,91.8,8348.55,8336.08,0.15,Active,,28,2772
ECO00753,2026-02-14,Healthcare,India,Medium,275,Business,249,Monthly,Organic Search,13,11.0,4.1,96.5,13504.21,12782.54,5.34,Active,,7,1743
ECO00754,2026-08-09,Education,UK,Medium,82,Professional,99,Monthly,Organic Search,28,13.0,4.0,100.0,2396.72,2396.72,0.0,Active,,1,99
ECO00755,2024-05-09,,Canada,Medium,200,Enterprise,699,Monthly,Paid Search,21,11.2,3.6,91.7,6863.18,6829.71,0.49,Churned,2025-08-31,16,11184
ECO00756,2025-05-14,Education,Canada,Micro,16,Professional,99,Monthly,Outbound Sales,12,8.2,2.8,83.6,446.14,437.72,1.89,Churned,2025-08-31,4,396
ECO00757,2025-05-26,Logistics,USA,Medium,192,Starter,39,Annual,LinkedIn,21,11.0,3.4,92.0,8778.83,8303.31,5.42,Active,,16,624
ECO00758,2025-12-08,Healthcare,USA,Small,28,Business,249,Annual,Paid Search,7,6.7,1.6,81.6,1202.86,1081.77,10.07,Active,,9,2241
ECO00759,2024-06-16,Professional Services,Germany,Micro,18,Starter,39,Monthly,Organic Search,18,8.9,3.2,86.3,541.04,442.16,18.28,Churned,2025-01-31,8,312
ECO00760,2025-03-18,Hospitality,USA,Small,48,Starter,39,Monthly,Paid Search,19,8.3,2.8,87.3,2148.63,1878.13,12.59,Active,,18,702
ECO00761,2026-05-08,Retail,India,Medium,256,Professional,99,Monthly,LinkedIn,7,10.0,3.2,88.0,9799.5,9888.05,-0.9,Active,,4,396
ECO00762,2025-04-05,Technology,UK,Small,55,Starter,39,Monthly,LinkedIn,18,11.1,3.9,96.0,1486.78,1517.01,-2.03,Churned,2025-11-30,8,312
ECO00763,2026-08-17,Logistics,France,Medium,249,Enterprise,699,Monthly,Paid Search,22,10.0,3.0,88.9,12934.84,12934.84,0.0,Active,,1,699
ECO00764,2024-11-16,Professional Services,Netherlands,Small,65,Professional,99,Annual,LinkedIn,22,8.0,2.5,85.8,1857.59,1794.21,3.41,Active,,22,2178
ECO00765,2026-01-21,Retail,Germany,Large,948,Enterprise,699,Monthly,LinkedIn,17,11.6,4.1,96.2,37185.24,32008.47,13.92,Active,,8,5592
ECO00766,2024-06-23,Professional Services,Germany,Medium,235,Professional,99,Annual,Outbound Sales,19,10.3,3.2,91.1,6659.71,6176.82,7.25,Active,,27,2673
ECO00767,2024-03-09,Technology,India,Small,26,Starter,39,Monthly,Paid Search,24,10.2,3.5,92.2,842.51,783.01,7.06,Active,,30,1170
ECO00768,2024-10-07,Education,Australia,Micro,10,Starter,39,Monthly,Paid Search,15,12.9,3.9,93.7,333.17,309.54,7.09,Active,,23,897
ECO00769,2025-07-02,Healthcare,UK,Small,78,Starter,39,Annual,Referral,14,12.0,3.9,94.8,3617.85,3212.4,11.21,Active,,14,546
ECO00770,2026-01-08,Logistics,USA,Small,77,Business,249,Annual,Outbound Sales,20,12.2,3.2,92.2,4161.45,4460.57,-7.19,Active,,8,1992
ECO00771,2025-03-22,Retail,UK,Medium,122,Professional,99,Annual,LinkedIn,14,12.0,4.1,94.7,4046.52,4020.63,0.64,Active,,18,1782
ECO00772,2024-06-25,Technology,Netherlands,Medium,294,Business,249,Annual,Paid Search,15,11.6,4.1,95.0,8809.1,7730.12,12.25,Active,,27,6723
ECO00773,2026-04-19,Professional Services,UK,Medium,84,Starter,39,Monthly,Outbound Sales,26,11.0,4.2,92.7,2458.49,2343.17,4.69,Active,,5,195
ECO00774,2024-11-12,Professional Services,Germany,Medium,232,Professional,99,Monthly,Paid Search,8,10.1,3.3,89.8,6500.88,5667.29,12.82,Active,,22,2178
ECO00775,2026-03-08,Technology,Canada,Small,30,Professional,99,Annual,Paid Search,11,10.0,3.3,89.2,990.01,921.01,6.97,Active,,6,594
ECO00776,2026-01-16,Manufacturing,Germany,Medium,160,Starter,39,Annual,Organic Search,21,8.6,3.1,90.8,11778.83,11192.44,4.98,Churned,2026-08-31,8,312
ECO00777,2024-08-24,Professional Services,Canada,Small,72,Starter,39,Monthly,Referral,18,11.5,3.7,90.8,2167.57,2062.88,4.83,Churned,2025-06-30,11,429
ECO00778,2025-07-16,Manufacturing,India,Medium,227,Starter,39,Monthly,LinkedIn,16,8.0,2.0,82.9,15082.82,15638.44,-3.68,Churned,2025-09-30,3,117
ECO00779,2025-02-04,Healthcare,USA,Medium,118,Professional,99,Monthly,Organic Search,13,10.4,3.5,92.8,4733.87,4745.02,-0.24,Active,,19,1881
ECO00780,2026-02-02,Manufacturing,UK,Small,21,Starter,39,Annual,Organic Search,18,12.4,3.4,93.6,1515.96,1396.94,7.85,Active,,7,273
ECO00781,2024-01-12,Education,Germany,Small,41,Business,249,Monthly,LinkedIn,18,6.8,2.1,82.6,1348.91,1212.62,10.1,Churned,2024-09-30,9,2241
ECO00782,2026-06-10,Technology,USA,Medium,260,Professional,99,Monthly,Referral,13,13.7,4.3,99.0,8531.37,8238.82,3.43,Active,,3,297
ECO00783,2025-09-12,Retail,France,Small,73,Starter,39,Annual,Organic Search,13,11.6,4.5,96.0,2516.62,2309.01,8.25,Active,,12,468
ECO00784,2026-08-12,Professional Services,Canada,Small,38,Enterprise,699,Monthly,Organic Search,9,11.0,3.0,99.4,1152.23,1152.23,0.0,Active,,1,699
ECO00785,2025-07-02,Manufacturing,UK,Micro,13,Starter,39,Monthly,Paid Search,11,9.1,3.0,86.4,819.72,804.53,1.85,Active,,14,546
ECO00786,2026-03-20,Education,Netherlands,Medium,178,Starter,39,Monthly,LinkedIn,6,9.0,3.5,93.2,5904.89,6119.11,-3.63,Active,,6,234
ECO00787,2026-02-14,Manufacturing,Germany,Large,676,Business,249,Monthly,Outbound Sales,23,7.1,1.9,81.7,50451.93,48948.45,2.98,Active,,7,1743
ECO00788,2025-08-27,Hospitality,UK,Micro,7,Starter,39,Annual,Organic Search,16,10.5,3.6,93.4,287.7,295.03,-2.55,Active,,13,507
ECO00789,2026-08-02,Retail,UK,Small,48,Enterprise,699,Annual,Referral,21,10.0,5.0,99.0,1838.83,1838.83,0.0,Active,,1,699
ECO00790,2024-10-04,Retail,USA,Micro,9,Starter,39,Monthly,Organic Search,26,10.7,3.0,89.1,358.48,290.13,19.07,Churned,2026-04-30,19,741
ECO00791,2025-06-26,Technology,USA,Medium,242,Starter,39,Monthly,Paid Search,16,10.0,2.6,89.5,7770.67,6848.86,11.86,Active,,15,585
ECO00792,2025-12-15,Professional Services,UK,Large,1048,Enterprise,699,Monthly,Partner,12,12.2,4.0,96.5,28601.52,29596.25,-3.48,Active,,9,6291
ECO00793,2026-02-20,Logistics,Canada,Small,20,Professional,99,Annual,LinkedIn,12,9.9,3.6,87.3,958.44,977.42,-1.98,Active,,7,693
ECO00794,2025-12-16,Professional Services,Canada,Medium,296,Starter,39,Monthly,Paid Search,20,11.4,4.0,95.9,8987.05,8227.89,8.45,Churned,2026-08-31,9,351
ECO00795,2024-12-17,Education,India,Small,28,Starter,39,Annual,LinkedIn,12,11.2,4.0,93.9,847.34,775.15,8.52,Active,,21,819
ECO00796,2024-05-17,Retail,UK,Micro,14,Professional,99,Annual,Outbound Sales,17,9.2,2.9,88.4,514.76,463.87,9.89,Active,,28,2772
ECO00797,2024-03-12,Hospitality,Canada,Small,23,Professional,99,Monthly,Organic Search,14,9.2,2.9,87.3,998.58,872.66,12.61,Churned,2026-07-31,29,2871
ECO00798,2026-02-22,Education,Australia,Micro,13,Business,249,Monthly,Referral,19,10.9,3.1,93.8,413.97,389.74,5.85,Active,,7,1743
ECO00799,2025-03-14,Logistics,UK,Micro,10,Starter,39,Annual,Outbound Sales,23,11.7,4.0,95.6,501.94,469.18,6.53,Churned,2025-08-31,6,234
ECO00800,2025-04-08,Retail,Germany,Medium,239,Enterprise,699,Annual,Outbound Sales,17,8.4,2.6,86.0,9083.71,8153.41,10.24,Active,,17,11883
ECO00801,2026-04-17,Manufacturing,France,Large,1045,Business,249,Annual,Paid Search,26,12.0,4.0,94.0,71451.41,67406.33,5.66,Active,,5,1245
ECO00802,2025-07-24,Healthcare,USA,Small,49,Starter,39,Monthly,Referral,18,11.2,3.6,90.5,1968.16,1847.45,6.13,Active,,14,546
ECO00803,2025-10-12,Healthcare,France,Small,33,Business,249,Annual,Referral,11,8.6,2.5,84.8,1377.81,1303.84,5.37,Active,,11,2739
ECO00804,2024-10-14,Manufacturing,UK,Medium,178,Starter,39,Monthly,Organic Search,16,12.9,3.9,95.5,12498.22,11420.95,8.62,Active,,23,897
ECO00805,2024-04-12,Retail,USA,Micro,8,Professional,99,Annual,LinkedIn,19,9.0,3.2,86.8,288.26,246.63,14.44,Active,,29,2871
ECO00806,2024-09-11,Manufacturing,France ,Micro,5,Starter,39,Monthly,Paid Search,18,9.1,3.4,88.2,360.14,326.28,9.4,Churned,2025-10-31,14,546
ECO00807,2025-02-05,Professional Services,UK,Medium,210,Business,249,Monthly,Paid Search,17,5.2,1.9,77.2,7337.45,6579.35,10.33,Churned,2026-08-31,19,4731
ECO00808,2025-12-17,Technology,UK,Large,483,Business,249,Annual,Partner,20,10.1,4.2,95.4,15932.62,14365.14,9.84,Active,,9,2241
ECO00809,2025-01-10,Manufacturing,Netherlands,Small,24,Enterprise,699,Annual,Paid Search,22,11.0,3.8,95.3,1593.74,1542.95,3.19,Active,,20,13980
ECO00810,2025-01-14,Retail,Canada,Small,41,Business,249,Annual,Paid Search,17,9.3,4.3,87.8,1553.91,1530.26,1.52,Churned,2025-03-31,3,747
ECO00811,2024-07-20,Professional Services,Netherlands,Small,39,Professional,99,Annual,Referral,11,11.2,3.6,97.7,1098.86,1033.5,5.95,Churned,2024-11-30,5,495
ECO00812,2026-04-16,Professional Services,India,Small,40,Enterprise,699,Annual,Partner,15,9.4,3.0,91.3,1231.9,1217.27,1.19,Active,,5,3495
ECO00813,2026-05-21,Retail,UK,Large,821,Business,249,Monthly,Organic Search,21,6.8,2.8,80.0,29857.39,27711.57,7.19,Churned,2026-08-31,4,996
ECO00814,2025-11-15,Hospitality,India,Small,27,Professional,99,Monthly,Paid Search,17,9.0,3.2,90.3,1259.93,1206.9,4.21,Active,,10,990
ECO00815,2026-03-06,Technology,France,Medium,88,Professional,99,Monthly,Referral,20,10.5,3.0,92.4,2831.05,2729.42,3.59,Active,,6,594
ECO00816,2024-01-11,Healthcare,UK,Small,20,Professional,99,Monthly,LinkedIn,15,11.6,3.5,94.1,874.32,816.0,6.67,Churned,2024-08-31,8,792
ECO00817,2026-07-12,Education,USA,Large,608,Enterprise,699,Monthly,LinkedIn,8,12.5,5.0,99.0,18986.62,18716.35,1.42,Active,,2,1398
ECO00818,2026-03-23,Professional Services,UK,Small,37,Professional,99,Monthly,Paid Search,17,10.2,3.2,88.9,1264.96,1098.11,13.19,Active,,6,594
ECO00819,2024-11-23,Retail,India,Medium,124,Business,249,Monthly,Outbound Sales,10,7.9,3.1,84.4,4330.61,3554.32,17.93,Churned,2026-04-30,18,4482
ECO00820,2026-08-03,Healthcare,UK,Small,60,Business,249,Monthly,Outbound Sales,18,17.0,4.0,96.2,3076.26,3076.26,0.0,Active,,1,249
ECO00821,2025-03-11,Hospitality,USA,Micro,13,Starter,39,Monthly,Organic Search,18,10.0,3.7,90.1,600.78,522.32,13.06,Active,,18,702
ECO00822,2025-04-08,Logistics,UK,Medium,115,Professional,99,Monthly,LinkedIn,20,7.5,2.7,84.0,4829.14,5026.02,-4.08,Active,,17,1683
ECO00823,2025-06-06,Retail,Netherlands,Small,22,Business,249,Monthly,Referral,13,12.7,4.1,95.4,819.33,779.86,4.82,Active,,15,3735
ECO00824,2025-12-02,Logistics,UK,Small,33,Professional,99,Monthly,Organic Search,12,9.1,3.4,90.5,1646.01,1722.3,-4.63,Active,,9,891
ECO00825,2026-05-16,Manufacturing,UK,Micro,10,Professional,99,Monthly,LinkedIn,10,3.5,2.5,83.6,605.88,604.32,0.26,Active,,4,396
ECO00826,2024-10-09,Retail,UK,Small,44,Professional,99,Annual,LinkedIn,20,9.6,2.7,89.4,1434.71,1386.27,3.38,Active,,23,2277
ECO00827,2026-06-15,Technology,Canada,Medium,277,Business,249,Monthly,Outbound Sales,17,9.3,2.3,84.7,9458.92,8517.32,9.95,Active,,3,747
ECO00828,2026-06-09,Technology,Germany,Medium,225,Business,249,Monthly,Organic Search,15,6.0,2.3,76.5,6540.85,6139.03,6.14,Active,,3,747
ECO00829,2025-02-03,Healthcare,Netherlands,Large,594,Business,249,Monthly,Outbound Sales,19,8.5,3.0,90.2,30413.29,27573.5,9.34,Churned,2025-03-31,2,498
ECO00830,2025-09-09,Education,France,Micro,8,Professional,99,Annual,LinkedIn,15,9.5,3.1,90.0,235.15,208.36,11.39,Active,,12,1188
ECO00831,2025-10-02,Professional Services,Germany,Medium,86,Business,249,Monthly,Organic Search,26,10.7,3.8,90.8,2359.47,2428.7,-2.93,Active,,11,2739
ECO00832,2024-10-01,Technology,Canada,Small,48,Professional,99,Annual,Referral,18,10.6,4.0,93.8,1445.7,1395.87,3.45,Active,,23,2277
ECO00833,2024-10-25,Education,Germany,Small,78,Starter,39,Monthly,Outbound Sales,15,11.4,3.7,95.7,2877.15,2312.01,19.64,Active,,23,897
ECO00834,2026-03-07,Retail,France,Micro,10,Starter,39,Annual,Outbound Sales,12,11.8,4.0,93.1,359.27,321.7,10.46,Active,,6,234
ECO00835,2026-06-27,Logistics,Canada,Medium,272,Professional,99,Annual,Referral,10,9.3,3.3,96.1,12806.46,12863.96,-0.45,Active,,3,297
ECO00836,2024-04-03,Professional Services,France,Small,25,Professional,99,Monthly,Referral,5,8.9,3.1,88.4,684.15,691.19,-1.03,Active,,29,2871
ECO00837,2025-06-12,Retail,UK,Medium,81,Enterprise,699,Annual,LinkedIn,26,10.3,2.3,92.3,2709.67,2837.35,-4.71,Churned,2025-08-31,3,2097
ECO00838,2026-05-13,Hospitality,UK,Medium,199,Starter,39,Annual,Referral,13,7.5,2.5,87.7,9020.74,8284.28,8.16,Active,,4,156
ECO00839,2025-12-17,Education,France,Medium,266,Starter,39,Annual,Outbound Sales,13,8.7,2.6,88.6,8622.96,8094.32,6.13,Active,,9,351
ECO00840,2024-11-09,Technology,UK,Large,1068,Enterprise,699,Annual,Outbound Sales,16,8.2,2.7,83.8,35027.63,30502.39,12.92,Active,,22,15378
ECO00841,2026-07-10,Professional Services,UK,Small,42,Starter,39,Monthly,Paid Search,15,8.0,2.0,85.6,1145.63,1137.83,0.68,Active,,2,78
ECO00842,2024-05-26,Healthcare,Canada,Small,41,Enterprise,699,Monthly,Outbound Sales,16,10.9,3.6,92.3,2117.73,1835.7,13.32,Active,,28,19572
ECO00843,2026-04-08,Technology,UK,Small,29,Starter,39,Annual,Partner,16,12.2,4.6,90.0,873.97,847.14,3.07,Active,,5,195
ECO00844,2025-11-07,Logistics,France,Medium,200,Business,249,Annual,Partner,22,11.3,3.6,95.2,10667.84,10546.15,1.14,Active,,10,2490
ECO00845,2024-03-16,Hospitality,USA,Small,56,Business,249,Monthly,Outbound Sales,15,7.5,2.7,84.6,2425.45,2290.23,5.58,Churned,2026-02-28,24,5976
ECO00846,2025-05-21,Manufacturing,USA,Medium,299,Starter,39,Monthly,LinkedIn,21,10.8,3.4,92.1,20519.73,18038.8,12.09,Active,,16,624
ECO00847,2026-08-21,Manufacturing,Netherlands,Large,348,Professional,99,Annual,Referral,12,11.0,4.0,100.0,22190.58,22190.58,0.0,Active,,1,99
ECO00848,2025-02-13,Technology,Canada,Micro,12,Professional,99,Annual,LinkedIn,16,11.9,4.5,94.4,330.33,328.7,0.49,Churned,2026-08-31,19,1881
ECO00849,2024-10-10,Logistics,Germany ,Medium,162,Enterprise,699,Annual,Paid Search,6,11.6,4.3,94.3,6319.0,6380.21,-0.97,Active,,23,16077
ECO00850,2024-05-17,Manufacturing,Netherlands,Medium,160,Starter,39,Monthly,Outbound Sales,22,10.2,2.8,83.8,11801.83,11274.84,4.47,Churned,2024-08-31,4,156
ECO00851,2026-05-01,Logistics,UK,Medium,286,Starter,39,Monthly,Outbound Sales,13,9.2,2.8,92.0,15705.61,15464.24,1.54,Active,,4,156
ECO00852,2025-05-14,Manufacturing,Germany,Small,76,Business,249,Monthly,Referral,19,12.0,4.4,94.6,4699.98,4434.31,5.65,Active,,16,3984
ECO00853,2024-02-06,Professional Services,UK,Small,70,Starter,39,Annual,Partner,21,10.9,3.5,94.6,2125.91,2151.33,-1.2,Churned,2024-09-30,8,312
ECO00854,2026-01-12,Technology,USA,Small,23,Business,249,Annual,Paid Search,14,12.4,4.1,94.4,637.86,631.64,0.98,Active,,8,1992
ECO00855,2026-08-11,Professional Services,UK,Medium,206,Starter,39,Monthly,Organic Search,21,14.0,5.0,98.1,5806.03,5806.03,0.0,Active,,1,39
ECO00856,2024-09-03,Retail,Germany,Medium,149,Enterprise,699,Annual,Partner,20,8.2,2.7,86.6,4816.05,5065.01,-5.17,Churned,2025-07-31,11,7689
ECO00857,2026-02-03,Hospitality,France,Small,29,Professional,99,Monthly,Paid Search,18,5.9,2.1,83.6,1203.72,1107.64,7.98,Churned,2026-08-31,7,693
ECO00858,2024-04-02,Manufacturing,UK,Medium,107,Professional,99,Monthly,Referral,23,12.1,3.7,95.2,7236.37,6437.86,11.03,Active,,29,2871
ECO00859,2026-07-11,Professional Services,Germany,Small,32,Starter,39,Monthly,Referral,21,7.5,3.0,88.0,1149.47,1166.71,-1.5,Active,,2,78
ECO00860,2026-07-15,Education,Netherlands,Medium,185,Enterprise,699,Monthly,Paid Search,19,6.5,2.0,85.3,5097.07,5070.93,0.51,Active,,2,1398
ECO00861,2025-09-26,Manufacturing,USA,Medium,206,Starter,39,Annual,Partner,22,13.0,3.8,94.0,13908.4,14176.96,-1.93,Churned,2025-12-31,4,156
ECO00862,2025-11-04,Technology,France,Medium,105,Starter,39,Annual,Organic Search,9,7.7,2.6,84.6,3242.45,2920.41,9.93,Active,,10,390
ECO00863,2025-12-19,Technology,France,Micro,18,Professional,99,Annual,Organic Search,18,11.1,3.6,93.3,567.38,551.25,2.84,Active,,9,891
ECO00864,2025-04-20,Retail,USA,Micro,8,Professional,99,Monthly,Organic Search,24,9.6,2.8,88.1,279.72,238.76,14.64,Active,,17,1683
ECO00865,2025-10-26,Logistics,UK,Micro,11,Professional,99,Annual,Referral,12,10.8,3.9,93.6,538.63,522.09,3.07,Active,,11,1089
ECO00866,2025-12-06,Technology,Australia,Medium,200,Business,249,Monthly,Organic Search,5,11.0,2.4,85.8,6142.89,5711.15,7.03,Churned,2026-04-30,5,1245
ECO00867,2025-04-19,Retail,Germany,Small,55,Business,249,Annual,LinkedIn,16,11.1,4.0,95.9,1828.39,1622.27,11.27,Active,,17,4233
ECO00868,2024-12-20,Technology,Canada,Medium,227,Professional,99,Annual,Partner,14,12.2,4.0,94.9,7500.96,6566.01,12.46,Active,,21,2079
ECO00869,2025-05-16,Retail,Germany,Small,70,Business,249,Annual,Paid Search,18,9.4,3.2,89.2,2868.03,2536.98,11.54,Active,,16,3984
ECO00870,2024-10-17,Hospitality,Germany,Small,23,Business,249,Annual,Organic Search,29,9.0,2.9,87.6,971.8,922.72,5.05,Active,,23,5727
ECO00871,2024-05-19,Retail,USA,Medium,297,Professional,99,Annual,LinkedIn,9,7.0,2.7,84.1,11615.09,10631.63,8.47,Active,,28,2772
ECO00872,2025-05-14,Professional Services,USA,Small,21,Professional,99,Annual,,17,10.1,3.9,93.0,665.29,635.39,4.49,Churned,2026-07-31,15,1485
ECO00873,2024-08-19,Technology,UK,Micro,14,Professional,99,Monthly,LinkedIn,22,6.0,2.5,80.9,417.64,391.33,6.3,Active,,25,2475
ECO00874,2026-08-18,Professional Services,UK,Small,78,Professional,99,Annual,Referral,9,13.0,4.0,92.0,2339.41,2339.41,0.0,Active,,1,99
ECO00875,2025-06-05,Professional Services,France ,Small,64,Starter,39,Monthly,Referral,15,9.7,2.8,86.8,2047.61,1966.37,3.97,Churned,2026-08-31,15,585
ECO00876,2026-06-17,Professional Services,Germany,Micro,17,Starter,39,Monthly,Referral,20,7.7,3.0,88.4,482.54,464.0,3.84,Active,,3,117
ECO00877,2026-03-08,Technology,Canada,Small,45,Starter,39,Monthly,Referral,21,11.3,3.3,93.3,1349.42,1360.93,-0.85,Active,,6,234
ECO00878,2024-04-01,Manufacturing,UK,Medium,161,Business,249,Monthly,Referral,15,12.0,3.9,96.1,10675.15,8961.45,16.05,Active,,29,7221
ECO00879,2024-02-25,Healthcare,UK,Small,70,Professional,99,Annual,LinkedIn,15,8.4,3.0,86.7,2867.67,2954.21,-3.02,Active,,31,3069
ECO00880,2024-04-01,Manufacturing,India ,Micro,9,Professional,99,Annual,Partner,17,11.1,3.7,92.3,702.17,589.14,16.1,Active,,29,2871
ECO00881,2026-06-09,Education,France,Small,79,Starter,39,Monthly,LinkedIn,14,11.0,3.3,97.6,2505.11,2598.6,-3.73,Active,,3,117
ECO00882,2024-05-03,Technology,Netherlands,Micro,10,Professional,99,Annual,Paid Search,13,10.2,3.3,91.7,323.75,312.99,3.32,Active,,28,2772
ECO00883,2024-04-16,Hospitality,Germany,Micro,7,Starter,39,Monthly,LinkedIn,22,5.5,2.5,82.1,329.8,326.31,1.06,Churned,2024-05-31,2,78
ECO00884,2025-10-14,Technology,Canada,Medium,134,Professional,99,Annual,Partner,19,10.5,4.1,94.7,4188.54,3731.5,10.91,Active,,11,1089
ECO00885,2024-10-22,Healthcare,USA,Small,35,Starter,39,Monthly,Outbound Sales,16,7.7,2.6,84.4,1588.27,1458.46,8.17,Active,,23,897
ECO00886,2026-02-09,Education,Netherlands,Medium,265,Starter,39,Monthly,Organic Search,8,8.4,2.1,83.4,8287.3,8263.87,0.28,Active,,7,273
ECO00887,2025-02-06,Healthcare,India,Small,36,Starter,39,Monthly,LinkedIn,17,9.1,3.2,84.0,1902.88,1554.03,18.33,Active,,19,741
ECO00888,2025-08-25,Hospitality,Canada,Micro,12,Professional,99,Monthly,Partner,12,5.9,2.7,80.7,480.41,456.61,4.95,Active,,13,1287
ECO00889,2024-01-20,Professional Services,UK,Small,77,Starter,39,Monthly,Paid Search,13,12.0,3.4,94.8,2196.34,2475.55,-12.71,Churned,2024-05-31,5,195
ECO00890,2026-06-20,Retail,Germany,Small,73,Starter,39,Annual,Paid Search,16,6.0,2.0,74.0,2564.42,2392.31,6.71,Active,,3,117
ECO00891,2024-12-04,Technology,UK,Small,68,Business,249,Monthly,Organic Search,12,10.6,3.6,91.0,1966.07,2168.0,-10.27,Active,,21,5229
ECO00892,2026-05-13,Technology,Netherlands,Medium,123,Starter,39,Monthly,LinkedIn,26,11.8,5.5,95.0,3952.94,3968.58,-0.4,Active,,4,156
ECO00893,2025-02-23,Manufacturing,France,Small,48,Starter,39,Monthly,LinkedIn,11,9.2,3.4,89.6,3551.23,3269.0,7.95,Churned,2026-03-31,14,546
ECO00894,2025-11-20,Manufacturing,Germany,Medium,144,Starter,39,Monthly,LinkedIn,15,10.7,4.3,93.0,10810.98,11122.03,-2.88,Churned,2026-04-30,6,234
ECO00895,2025-04-02,Technology,USA,Small,21,Starter,39,Monthly,Referral,18,11.7,3.5,93.3,513.27,496.4,3.29,Active,,17,663
ECO00896,2025-08-07,Manufacturing,Germany,Micro,16,Starter,39,Monthly,Organic Search,19,11.5,4.6,94.6,1079.41,1103.1,-2.19,Active,,13,507
ECO00897,2025-07-21,Education,India,Medium,99,Starter,39,Monthly,Outbound Sales,16,9.5,3.8,93.8,3349.11,3087.31,7.82,Churned,2025-10-31,4,156
ECO00898,2026-08-10,Healthcare,Netherlands,Small,59,Starter,39,Annual,Partner,14,7.0,2.0,87.1,2825.06,2825.06,0.0,Active,,1,39
ECO00899,2024-11-27,Manufacturing,USA ,Small,54,Professional,99,Annual,Paid Search,15,12.2,3.2,90.0,3725.78,3484.88,6.47,Churned,2025-06-30,8,792
ECO00900,2026-07-17,Hospitality,UK,Micro,19,Starter,39,Monthly,LinkedIn,21,10.0,2.5,86.1,933.12,851.25,8.77,Active,,2,78
ECO00901,2026-08-27,Manufacturing,Canada,Small,67,Starter,39,Annual,Outbound Sales,29,10.0,4.0,77.1,4851.34,4851.34,0.0,Active,,1,39
ECO00902,2026-08-02,Hospitality,USA,Micro,5,Starter,39,Monthly,LinkedIn,18,10.0,2.0,87.0,215.98,215.98,0.0,Active,,1,39
ECO00903,2024-04-24,Manufacturing,UK,Micro,9,Business,249,Annual,Paid Search,31,11.1,3.6,92.1,639.73,526.7,17.67,Active,,29,7221
ECO00904,2025-11-17,Logistics,UK,Medium,228,Professional,99,Monthly,Organic Search,18,9.2,2.8,90.3,11933.68,11598.89,2.81,Active,,10,990
ECO00905,2024-07-09,Professional Services,USA,Micro,10,Starter,39,Annual,Partner,23,10.1,3.3,91.7,330.7,321.7,2.72,Active,,26,1014
ECO00906,2024-04-11,Healthcare,Canada,Small,26,Professional,99,Monthly,Organic Search,15,11.3,3.7,94.5,1226.33,962.11,21.55,Active,,29,2871
ECO00907,2024-08-07,Technology,Australia,Large,972,Enterprise,699,Annual,LinkedIn,22,11.7,4.2,94.2,31019.03,30247.83,2.49,Active,,25,17475
ECO00908,2025-07-26,Hospitality,USA,Medium,205,Enterprise,699,Annual,LinkedIn,27,7.6,2.7,84.3,7883.26,7590.37,3.72,Active,,14,9786
ECO00909,2025-04-21,Education,USA,Large,713,Business,249,Monthly,Organic Search,22,8.9,3.1,90.8,24358.25,19679.42,19.21,Active,,17,4233
ECO00910,2024-04-26,Retail,UK,Micro,10,Starter,39,Monthly,Outbound Sales,14,11.9,4.1,94.3,335.42,319.59,4.72,Churned,2024-11-30,8,312
ECO00911,2026-04-13,Education,UK,Micro,10,Professional,99,Monthly,Organic Search,15,8.5,3.0,90.1,298.42,338.63,-13.47,Churned,2026-05-31,2,198
ECO00912,2026-05-21,Technology,Germany,Small,29,Starter,39,Monthly,Organic Search,14,7.2,3.5,90.6,876.22,808.14,7.77,Active,,4,156
ECO00913,2025-02-14,Hospitality,UK,Small,56,Professional,99,Monthly,LinkedIn,15,10.5,3.2,89.2,2485.81,2393.64,3.71,Churned,2025-05-31,4,396
ECO00914,2024-06-09,Hospitality,Germany,Small,68,Professional,99,Annual,Organic Search,13,11.6,3.7,94.8,2648.76,2590.54,2.2,Active,,27,2673
ECO00915,2025-11-16,Hospitality,UK ,Medium,177,Business,249,Annual,Outbound Sales,16,6.1,2.3,83.5,7717.49,7306.19,5.33,Active,,10,2490
ECO00916,2025-10-03,Manufacturing,UK,Small,68,Professional,99,Annual,Referral,26,11.9,3.7,94.9,4709.71,4737.73,-0.59,Active,,11,1089
ECO00917,2025-06-16,Healthcare,Canada,Small,62,Starter,39,Monthly,Organic Search,18,12.5,4.1,96.7,2771.31,2420.87,12.65,Active,,15,585
ECO00918,2025-02-21,Logistics,UK,Micro,12,Professional,99,Annual,Organic Search,7,9.5,2.7,89.4,580.58,533.85,8.05,Active,,19,1881
ECO00919,2025-05-10,Retail,Germany,Large,442,Professional,99,Annual,LinkedIn,21,10.1,3.6,90.0,15302.41,15101.73,1.31,Active,,16,1584
ECO00920,2026-01-20,Hospitality,UK,Small,26,Professional,99,Monthly,Referral,20,9.0,3.1,87.3,1064.6,1060.6,0.38,Active,,8,792
ECO00921,2024-12-08,Logistics,UK,Small,26,Starter,39,Monthly,Outbound Sales,23,3.8,1.4,72.5,1226.75,1120.78,8.64,Active,,21,819
ECO00922,2025-08-26,Logistics,UK,Small,64,Starter,39,Monthly,LinkedIn,23,10.3,3.7,91.6,3059.06,3173.1,-3.73,Churned,2025-10-31,3,117
ECO00923,2024-04-15,Technology,India,Small,48,Professional,99,Monthly,Referral,16,9.3,3.0,89.6,1255.16,1251.83,0.27,Active,,29,2871
ECO00924,2026-02-03,Manufacturing,UK,Micro,10,Starter,39,Annual,Outbound Sales,22,9.0,3.0,86.4,696.09,699.23,-0.45,Active,,7,273
ECO00925,2025-02-08,Manufacturing,Netherlands,Small,72,Starter,39,Monthly,LinkedIn,11,10.9,3.6,93.1,4959.48,4425.57,10.77,Churned,2026-07-31,18,702
ECO00926,2025-01-26,Professional Services,UK,Medium,290,Starter,39,Annual,Outbound Sales,21,6.4,2.5,80.4,8734.61,8309.0,4.87,Churned,2026-03-31,15,585
ECO00927,2025-11-18,Hospitality,Germany,Small,39,Professional,99,Monthly,LinkedIn,20,11.2,3.8,90.8,1681.95,1616.93,3.87,Churned,2026-02-28,4,396
ECO00928,2024-10-14,Hospitality,France,Small,66,Professional,99,Monthly,Organic Search,13,11.6,3.9,95.8,2658.47,2493.93,6.19,Churned,2025-09-30,12,1188
ECO00929,2024-04-20,Education,UK,Micro,14,Professional,99,Annual,LinkedIn,21,9.3,3.2,90.8,431.17,420.08,2.57,Churned,2024-12-31,9,891
ECO00930,2026-05-10,Healthcare,Germany,Small,76,Starter,39,Annual,LinkedIn,16,12.5,3.8,98.8,3151.46,3117.82,1.07,Active,,4,156
ECO00931,2024-11-10,Technology,UK,Medium,91,Professional,99,Monthly,Organic Search,14,11.0,3.5,93.2,2722.28,2479.45,8.92,Active,,22,2178
ECO00932,2024-05-21,Retail,India,Micro,5,Starter,39,Monthly,Referral,21,11.0,4.4,95.1,206.3,190.5,7.66,Churned,2025-01-31,9,351
ECO00933,2025-10-21,Technology,Australia,Micro,10,Starter,39,Monthly,Organic Search,14,12.8,4.0,93.5,312.28,310.94,0.43,Active,,11,429
ECO00934,2026-06-26,Technology,USA,Small,41,Business,249,Annual,LinkedIn,16,10.7,3.7,88.9,1262.86,1198.98,5.06,Active,,3,747
ECO00935,2026-02-01,Manufacturing,UK,Small,78,Starter,39,Monthly,Organic Search,20,8.4,3.6,89.6,4975.7,4839.82,2.73,Active,,7,273
ECO00936,2026-08-11,Logistics,India,Micro,11,Professional,99,Annual,Paid Search,20,11.0,3.0,87.1,557.91,557.91,0.0,Active,,1,99
ECO00937,2024-02-09,Healthcare,Germany,Micro,17,Business,249,Annual,Partner,15,10.7,3.5,92.5,785.59,732.4,6.77,Churned,2025-12-31,23,5727
ECO00938,2024-11-27,Professional Services,Canada,Micro,12,Starter,39,Annual,LinkedIn,16,13.1,3.8,95.2,345.38,364.72,-5.6,Churned,2025-06-30,8,312
ECO00939,2024-09-02,Education,Australia,Small,30,Business,249,Monthly,Partner,18,6.6,1.9,76.9,902.81,897.99,0.53,Churned,2025-03-31,7,1743
ECO00940,2026-02-16,Retail,USA,Micro,10,Starter,39,Monthly,LinkedIn,19,11.4,3.4,96.2,318.37,323.6,-1.64,Active,,7,273
ECO00941,2025-11-15,Retail,Germany,Small,62,Business,249,Monthly,Outbound Sales,8,11.9,3.3,94.5,2195.37,2012.34,8.34,Active,,10,2490
ECO00942,2025-12-09,Professional Services,UK,Small,70,Professional,99,Annual,LinkedIn,22,11.2,3.3,95.3,1878.4,1966.72,-4.7,Active,,9,891
ECO00943,2025-10-26,Professional Services,Netherlands,Micro,11,Professional,99,Monthly,Partner,18,10.0,3.4,87.1,312.53,301.03,3.68,Active,,11,1089
ECO00944,2025-12-07,Education,UK,Large,946,Business,249,Monthly,Organic Search,21,7.6,2.4,82.9,28133.28,26419.26,6.09,Churned,2026-07-31,8,1992
ECO00945,2026-03-05,Manufacturing,Canada,Large,685,Enterprise,699,Annual,LinkedIn,7,10.8,4.0,93.4,48241.88,46180.59,4.27,Active,,6,4194
ECO00946,2026-05-06,Education,USA,Medium,217,Professional,99,Annual,Outbound Sales,12,9.8,2.8,89.9,6840.98,6437.28,5.9,Active,,4,396
ECO00947,2026-05-21,Technology,India,Medium,111,Business,249,Monthly,Paid Search,12,9.0,2.0,86.0,3103.67,3233.43,-4.18,Active,,4,996
ECO00948,2024-10-21,Manufacturing,UK,Small,30,Starter,39,Annual,LinkedIn,11,10.7,3.8,93.6,1999.92,1883.93,5.8,Active,,23,897
ECO00949,2024-09-17,Manufacturing,Canada,Medium,206,Professional,99,Monthly,Paid Search,23,6.5,2.5,84.2,14161.48,13617.07,3.84,Churned,2025-02-28,6,594
ECO00950,2025-08-24,Technology,Germany,Micro,18,Professional,99,Monthly,Referral,22,10.4,3.5,89.9,520.45,487.16,6.4,Active,,13,1287
ECO00951,2026-02-20,Retail,UK,Medium,233,Professional,99,Annual,Paid Search,7,12.4,4.0,95.3,8440.15,8750.24,-3.67,Active,,7,693
ECO00952,2025-03-10,Logistics,USA,Micro,11,Business,249,Annual,Referral,24,11.8,5.0,96.2,542.12,542.5,-0.07,Churned,2025-07-31,5,1245
ECO00953,2025-04-09,Retail,UK,Micro,6,Professional,99,Monthly,Paid Search,18,9.6,2.8,86.1,226.03,206.12,8.81,Active,,17,1683
ECO00954,2024-12-05,Retail,France,Micro,9,Professional,99,Annual,Organic Search,12,8.0,3.0,86.3,257.07,270.08,-5.06,Churned,2026-07-31,20,1980
ECO00955,2025-10-27,Logistics,UK,Medium,232,Professional,99,Annual,Partner,19,9.5,3.1,92.5,11944.75,12689.5,-6.23,Active,,11,1089
ECO00956,2025-10-20,Professional Services,France,Large,791,Business,249,Monthly,Partner,13,10.2,3.1,91.4,22568.75,22599.58,-0.14,Active,,11,2739
ECO00957,2024-06-24,Technology,Germany,Medium,234,Professional,99,Monthly,Organic Search,28,11.2,3.9,93.8,7281.87,6560.44,9.91,Active,,27,2673
ECO00958,2024-11-05,Retail,Canada,Micro,17,Professional,99,Monthly,LinkedIn,20,10.4,3.2,90.2,532.07,534.94,-0.54,Churned,2025-06-30,8,792
ECO00959,2024-09-05,Professional Services,Canada,Small,74,Professional,99,Annual,Referral,19,11.7,3.7,95.5,2302.11,2124.21,7.73,Active,,24,2376
ECO00960,2024-09-01,Retail,UK,Medium,291,Starter,39,Annual,Referral,13,11.2,3.9,94.7,10100.14,10412.27,-3.09,Active,,24,936
ECO00961,2026-01-01,Technology,UK,Small,69,Starter,39,Annual,Organic Search,14,12.4,3.9,97.3,1773.02,1971.97,-11.22,Active,,8,312
ECO00962,2024-11-08,Hospitality,UK,Micro,8,Professional,99,Annual,Outbound Sales,20,11.7,3.8,95.5,345.34,340.38,1.44,Active,,22,2178
ECO00963,2026-05-21,Retail,Canada,Small,66,Business,249,Annual,Partner,15,11.2,3.2,93.1,2350.44,2265.34,3.62,Active,,4,996
ECO00964,2025-08-08,Manufacturing,UK,Small,23,Enterprise,699,Annual,Referral,12,10.8,4.1,94.8,1669.07,1474.32,11.67,Active,,13,9087
ECO00965,2026-08-01,Logistics,UK,Medium,189,Starter,39,Annual,Referral,19,11.0,5.0,92.4,10450.41,10450.41,0.0,Active,,1,39
ECO00966,2025-07-04,Education,UK,Small,57,Starter,39,Monthly,Organic Search,12,8.3,3.2,85.8,1795.59,1851.95,-3.14,Active,,14,546
ECO00967,2025-06-11,Hospitality,UK,Small,64,Starter,39,Monthly,LinkedIn,16,10.5,4.2,96.3,2708.9,2694.71,0.52,Churned,2025-09-30,4,156
ECO00968,2026-04-11,Professional Services,France,Micro,13,Professional,99,Annual,Paid Search,20,12.8,4.0,92.0,390.98,434.7,-11.18,Active,,5,495
ECO00969,2024-07-17,Professional Services,Germany,Medium,178,Starter,39,Monthly,Paid Search,25,8.6,3.2,88.9,5602.99,4830.83,13.78,Churned,2025-05-31,11,429
ECO00970,2025-11-13,Retail,France,Small,36,Starter,39,Monthly,Referral,19,10.1,3.6,88.2,1495.27,1366.28,8.63,Active,,10,390
ECO00971,2025-09-16,Retail,USA,Small,61,Professional,99,Monthly,Paid Search,22,7.2,1.8,81.6,2375.25,2209.66,6.97,Churned,2026-01-31,5,495
ECO00972,2025-11-03,Professional Services,USA,Micro,5,Professional,99,Annual,LinkedIn,22,9.7,3.8,90.7,177.14,161.99,8.55,Active,,10,990
ECO00973,2024-09-27,Technology,France,Medium,258,Starter,39,Annual,Partner,18,9.6,3.4,92.4,8289.6,7294.51,12.0,Active,,24,936
ECO00974,2026-07-13,Hospitality,UK,Medium,263,Starter,39,Annual,Outbound Sales,17,9.0,2.0,89.6,10209.42,9877.06,3.26,Active,,2,78
ECO00975,2025-07-01,Technology,UK,Small,69,Professional,99,Monthly,Organic Search,17,9.3,2.9,91.9,1990.02,1900.18,4.51,Active,,14,1386
ECO00976,2025-08-25,Manufacturing,Germany,Small,72,Professional,99,Monthly,Paid Search,26,11.4,3.4,91.2,4789.62,4402.2,8.09,Active,,13,1287
ECO00977,2024-09-09,Professional Services,France,Medium,291,Business,249,Monthly,LinkedIn,23,11.4,3.9,94.2,9195.2,7698.81,16.27,Active,,24,5976
ECO00978,2026-03-16,Healthcare,UK,Micro,5,Starter,39,Annual,Referral,14,6.8,3.0,90.1,269.36,211.44,21.5,Active,,6,234
ECO00979,2024-11-02,Manufacturing,UK,Micro,12,Professional,99,Monthly,Organic Search,13,8.5,2.9,83.3,813.32,830.66,-2.13,Churned,2025-06-30,8,792
ECO00980,2024-06-14,Retail,India,Small,42,Enterprise,699,Monthly,Outbound Sales,20,7.0,2.0,83.0,1422.99,1388.57,2.42,Churned,2025-01-31,8,5592
ECO00981,2026-07-26,Healthcare,Canada,Small,28,Business,249,Monthly,Outbound Sales,13,8.0,3.0,85.8,1139.71,1103.7,3.16,Active,,2,498
ECO00982,2026-03-26,Professional Services,UK,Medium,174,Professional,99,Monthly,Paid Search,18,11.2,2.8,88.9,4792.55,4766.65,0.54,Churned,2026-06-30,4,396
ECO00983,2026-07-18,Hospitality,USA,Small,51,Starter,39,Annual,LinkedIn,14,8.0,1.5,87.0,2459.33,2234.88,9.13,Active,,2,78
ECO00984,2025-08-05,Manufacturing,UK,Small,79,Starter,39,Monthly,Organic Search,9,6.5,2.2,79.9,5974.13,5367.38,10.16,Active,,13,507
ECO00985,2024-08-19,Technology,USA,Small,41,Starter,39,Annual,Organic Search,11,7.8,2.5,84.8,1365.42,1202.62,11.92,Active,,25,975
ECO00986,2025-08-21,Manufacturing,UK,Micro,5,Professional,99,Monthly,Organic Search,21,8.5,3.2,86.8,312.33,321.26,-2.86,Churned,2026-01-31,6,594
ECO00987,2025-08-20,Technology,UK,Small,79,Starter,39,Annual,Organic Search,15,10.5,3.2,90.9,2216.7,2201.43,0.69,Active,,13,507
ECO00988,2024-11-15,Logistics,UK,Small,35,Business,249,Monthly,LinkedIn,20,10.6,3.8,92.8,1857.44,1857.55,-0.01,Churned,2025-06-30,8,1992
ECO00989,2025-04-18,Professional Services,Australia,Small,45,Professional,99,Annual,Organic Search,10,12.1,3.8,94.4,1144.3,1218.47,-6.48,Active,,17,1683
ECO00990,2026-01-03,Professional Services,UK,Medium,93,Business,249,Monthly,Paid Search,18,11.5,4.2,95.8,2900.69,2678.52,7.66,Active,,8,1992
ECO00991,2024-07-15,Manufacturing,Australia,Small,45,Business,249,Monthly,LinkedIn,12,9.7,3.5,87.9,2995.28,2813.69,6.06,Active,,26,6474
ECO00992,2025-09-02,Logistics,Germany,Small,32,Business,249,Annual,Organic Search,18,10.0,3.4,90.7,1457.21,1365.71,6.28,Active,,12,2988
ECO00993,2025-05-17,Education,France,Large,981,Business,249,Annual,Organic Search,9,8.4,3.0,85.1,29625.74,27235.84,8.07,Active,,16,3984
ECO00994,2026-08-14,Logistics,UK,Medium,98,Business,249,Monthly,Organic Search,19,9.0,3.0,87.3,5294.6,5294.6,0.0,Active,,1,249
ECO00995,2026-04-13,Technology,UK,Micro,16,Starter,39,Annual,Paid Search,13,10.2,4.0,94.9,443.96,435.72,1.86,Active,,5,195
ECO00996,2024-12-27,Healthcare,India,Medium,184,Professional,99,Monthly,LinkedIn,10,11.1,3.7,92.5,8981.24,8706.31,3.06,Active,,21,2079
ECO00997,2026-03-04,Manufacturing,USA,Medium,252,Starter,39,Monthly,Paid Search,20,8.8,2.2,83.2,17062.89,16056.29,5.9,Active,,6,234
ECO00998,2025-05-08,Manufacturing,UK,Medium,140,Enterprise,699,Monthly,Organic Search,11,10.0,3.3,90.7,9420.5,8107.75,13.94,Active,,16,11184
ECO00999,2026-06-08,Technology,USA,Small,57,Professional,99,Annual,Partner,24,9.7,4.0,88.9,1789.3,1786.48,0.16,Active,,3,297
ECO01000,2024-10-01,Hospitality,UK,Medium,227,Professional,99,Annual,Paid Search,21,9.5,3.7,89.8,9029.76,8861.36,1.86,Active,,23,2277
ECO01001,2026-07-11,Manufacturing,Netherlands,Micro,7,Starter,39,Monthly,Partner,15,11.0,4.5,98.8,452.22,453.71,-0.33,Active,,2,78
ECO01002,2024-05-15,Manufacturing,UK,Small,64,Professional,99,Annual,LinkedIn,20,8.2,2.7,86.5,4031.0,4076.84,-1.14,Churned,2025-04-30,12,1188
ECO01003,2025-09-01,Professional Services,France,Large,792,Business,249,Monthly,LinkedIn,13,8.3,3.1,83.1,25335.72,23864.91,5.81,Churned,2026-08-31,12,2988
ECO01004,2025-12-01,Manufacturing,USA,Micro,8,Business,249,Monthly,LinkedIn,22,9.0,3.2,89.4,523.89,510.27,2.6,Active,,9,2241
ECO01005,2026-04-14,Education,UK,Micro,16,Starter,39,Monthly,Outbound Sales,12,10.4,4.4,88.9,460.5,429.45,6.74,Active,,5,195
ECO01006,2025-01-07,Manufacturing,Netherlands,Small,24,Starter,39,Monthly,Organic Search,11,9.8,3.2,86.8,1471.34,1432.42,2.65,Churned,2025-04-30,4,156
ECO01007,2025-06-09,Healthcare,UK,Medium,296,Professional,99,Monthly,Organic Search,14,11.1,3.5,92.7,12740.31,11559.63,9.27,Active,,15,1485
ECO01008,2026-08-06,Hospitality,UK,Medium,286,Professional,99,Annual,Outbound Sales,30,13.0,3.0,86.6,12080.57,12080.57,0.0,Active,,1,99
ECO01009,2024-06-14,Hospitality,UK,Small,35,Starter,39,Annual,Paid Search,20,10.5,3.4,90.8,1685.01,1645.35,2.35,Active,,27,1053
ECO01010,2024-08-24,Professional Services,USA,Micro,14,Starter,39,Annual,LinkedIn,18,8.2,3.4,89.5,410.44,397.18,3.23,Churned,2025-03-31,8,312
ECO01011,2025-06-25,Professional Services,Canada,Medium,251,Business,249,Monthly,Paid Search,20,8.8,3.1,87.2,7936.28,7258.17,8.54,Active,,15,3735
ECO01012,2024-09-12,Technology,Germany,Medium,102,Business,249,Monthly,LinkedIn,21,9.3,2.3,85.4,3618.35,3371.08,6.83,Churned,2024-11-30,3,747
ECO01013,2025-07-13,Healthcare,India,Micro,10,Professional,99,Annual,LinkedIn,19,11.1,3.9,93.4,509.23,509.69,-0.09,Churned,2026-01-31,7,693
ECO01014,2026-03-22,Retail,Australia,Small,37,Professional,99,Monthly,Organic Search,15,5.7,2.0,83.9,1184.25,1198.5,-1.2,Churned,2026-05-31,3,297
ECO01015,2024-10-01,Manufacturing,Canada,Small,73,Business,249,Monthly,Outbound Sales,15,10.3,3.3,89.0,5011.99,4291.98,14.37,Active,,23,5727
ECO01016,2025-02-03,Technology,Australia ,Medium,292,Starter,39,Annual,Organic Search,17,13.6,3.9,93.4,9088.57,9867.63,-8.57,Churned,2025-08-31,7,273
ECO01017,2025-12-16,Retail,France,Micro,5,Business,249,Annual,Partner,15,9.0,3.1,83.6,217.05,193.92,10.66,Active,,9,2241
ECO01018,2025-03-19,Technology,France,Small,52,Enterprise,699,Annual,Paid Search,19,10.5,3.6,92.5,1394.95,1407.54,-0.9,Active,,18,12582
ECO01019,2024-04-16,Healthcare,Netherlands,Micro,14,Professional,99,Annual,Referral,25,11.6,3.6,94.6,679.67,593.76,12.64,Active,,29,2871
ECO01020,2026-07-19,Retail,UK,Medium,213,Professional,99,Annual,Outbound Sales,21,11.5,4.0,91.7,7269.46,7763.47,-6.8,Active,,2,198
ECO01021,2024-08-19,Technology,UK,Micro,5,Starter,39,Monthly,LinkedIn,22,11.2,3.7,93.3,158.69,152.67,3.79,Active,,25,975
ECO01022,2026-06-24,Professional Services,UK,Micro,6,Professional,99,Monthly,Referral,34,7.7,3.7,92.2,189.98,202.59,-6.64,Active,,3,297
ECO01023,2026-06-22,Retail,UK ,Micro,9,Starter,39,Annual,LinkedIn,14,11.3,3.7,98.3,354.7,358.52,-1.08,Active,,3,117
ECO01024,2025-10-06,Hospitality,Australia,Small,50,Starter,39,Monthly,Referral,9,12.2,3.7,96.3,2033.91,1831.7,9.94,Active,,11,429
ECO01025,2024-07-03,Hospitality,UK,Medium,188,Starter,39,Monthly,LinkedIn,18,11.8,4.3,95.2,7592.76,7690.0,-1.28,Churned,2025-12-31,18,702
ECO01026,2025-11-07,Professional Services,UK,Micro,11,Business,249,Annual,LinkedIn,13,11.2,3.4,92.7,301.96,336.71,-11.51,Active,,10,2490
ECO01027,2024-10-21,Retail,India,Micro,11,Business,249,Annual,LinkedIn,15,8.0,3.0,83.8,344.71,303.64,11.91,Active,,23,5727
ECO01028,2024-11-03,Logistics,UK,Medium,284,Professional,99,Monthly,Referral,8,8.9,3.0,87.7,15929.12,15526.25,2.53,Active,,22,2178
ECO01029,2025-01-02,Professional Services,Australia,Medium,122,Professional,99,Annual,Paid Search,18,12.0,3.8,94.8,3187.66,2899.43,9.04,Active,,20,1980
ECO01030,2026-08-03,Hospitality,India,Small,60,Business,249,Monthly,Paid Search,19,12.0,3.0,94.9,2473.48,2473.48,0.0,Active,,1,249
ECO01031,2025-08-12,Technology,USA,Small,51,Starter,39,Monthly,Partner,27,12.2,3.8,94.9,1393.97,1313.61,5.76,Active,,13,507
ECO01032,2025-09-26,Healthcare,Netherlands,Medium,224,Starter,39,Annual,Organic Search,18,11.8,4.0,95.0,10467.18,10029.42,4.18,Active,,12,468
ECO01033,2025-10-12,Professional Services,USA,Medium,170,Starter,39,Annual,LinkedIn,16,11.6,3.3,93.4,5629.48,5099.89,9.41,Active,,11,429
ECO01034,2026-05-03,Hospitality,Canada,Micro,14,Starter,39,Annual,Organic Search,17,7.5,3.2,83.9,634.41,601.55,5.18,Active,,4,156
ECO01035,2024-11-15,Healthcare,Germany,Small,33,Starter,39,Annual,Organic Search,16,11.1,3.7,92.6,1579.57,1258.06,20.35,Active,,22,858
ECO01036,2025-12-20,Hospitality,Canada,Micro,17,Starter,39,Annual,Paid Search,14,12.1,4.1,94.5,747.88,746.15,0.23,Active,,9,351
ECO01037,2025-08-26,Manufacturing,UK,Micro,14,Starter,39,Annual,Referral,16,9.7,2.9,88.0,842.83,771.21,8.5,Active,,13,507
ECO01038,2024-09-23,Technology,UK,Medium,291,Enterprise,699,Monthly,Partner,16,7.7,2.8,82.9,8884.65,8118.5,8.62,Churned,2025-08-31,12,8388
ECO01039,2026-05-12,Professional Services,France,Small,42,Enterprise,699,Annual,Partner,17,8.5,3.8,89.3,1279.06,1271.39,0.6,Active,,4,2796
ECO01040,2025-04-10,Professional Services,UK,Large,488,Business,249,Monthly,Referral,12,11.8,3.8,95.8,14083.44,13335.41,5.31,Active,,17,4233
ECO01041,2025-05-24,Manufacturing,France,Medium,232,Professional,99,Monthly,Referral,21,10.5,3.9,90.4,16140.8,15925.38,1.33,Churned,2025-12-31,8,792
ECO01042,2026-02-22,Technology,Netherlands,Small,77,Business,249,Annual,Paid Search,21,11.3,3.4,91.6,2057.04,2127.17,-3.41,Active,,7,1743
ECO01043,2025-08-22,Professional Services,UK,Small,41,Starter,39,Monthly,Outbound Sales,10,8.4,2.5,85.3,1193.4,1124.36,5.79,Active,,13,507
ECO01044,2026-08-09,Hospitality,USA,Small,33,Starter,39,Monthly,LinkedIn,23,6.0,3.0,89.0,1315.22,1315.22,0.0,Active,,1,39
ECO01045,2025-06-18,Hospitality,Australia,Medium,222,Professional,99,Monthly,Paid Search,27,10.1,3.6,91.0,9377.49,9169.23,2.22,Active,,15,1485
ECO01046,2025-11-18,Technology,Canada,Small,28,Starter,39,Monthly,Organic Search,23,12.2,4.0,91.5,759.96,735.74,3.19,Active,,10,390
ECO01047,2025-11-08,Technology,UK,Small,76,Business,249,Annual,Referral,11,8.4,3.2,87.4,2361.65,2065.09,12.56,Active,,10,2490
ECO01048,2026-01-01,Technology,Netherlands,Large,600,Business,249,Monthly,LinkedIn,13,9.9,3.1,85.5,17115.29,17118.17,-0.02,Active,,8,1992
ECO01049,2026-05-13,Manufacturing,Germany,Small,56,Starter,39,Monthly,Outbound Sales,16,10.0,3.5,91.4,3501.97,3424.45,2.21,Active,,4,156
ECO01050,2024-06-10,Hospitality,UK,Medium,88,Business,249,Annual,Partner,16,9.7,2.9,89.8,3021.21,3005.87,0.51,Active,,27,6723
ECO01051,2025-01-19,Logistics,UK,Micro,8,Business,249,Annual,LinkedIn,14,7.4,2.9,82.2,339.18,330.29,2.62,Active,,20,4980
ECO01052,2025-10-13,Retail,France,Small,55,Enterprise,699,Annual,Outbound Sales,16,10.1,4.1,93.3,1897.93,1899.24,-0.07,Active,,11,7689
ECO01053,2024-02-04,Manufacturing,India,Micro,16,Starter,39,Monthly,Partner,22,11.5,3.7,93.8,1090.76,1032.02,5.39,Churned,2025-05-31,16,624
ECO01054,2024-08-23,Logistics,Germany,Micro,16,Business,249,Annual,LinkedIn,11,11.7,3.7,94.9,819.18,752.31,8.16,Active,,25,6225
ECO01055,2024-09-05,Healthcare,Germany,Medium,136,Professional,99,Annual,Outbound Sales,10,12.0,4.4,95.1,6982.18,6059.93,13.21,Active,,24,2376
ECO01056,2025-12-15,Retail,UK,Medium,298,Starter,39,Monthly,Organic Search,14,9.0,3.5,95.4,11499.8,11453.36,0.4,Churned,2026-01-31,2,78
ECO01057,2026-06-23,Professional Services,UK,Small,70,Starter,39,Monthly,Partner,20,6.7,3.0,79.8,2412.38,2190.56,9.2,Active,,3,117
ECO01058,2024-08-08,Technology,India,Micro,18,Professional,99,Monthly,LinkedIn,14,5.0,1.3,77.4,516.45,486.7,5.76,Churned,2024-10-31,3,297
ECO01059,2024-03-23,Logistics,Germany,Large,398,Business,249,Annual,Referral,19,9.4,3.1,87.6,19971.73,18315.08,8.29,Active,,30,7470
ECO01060,2024-07-02,Manufacturing,UK,Large,1015,Business,249,Monthly,Outbound Sales,21,10.2,3.7,93.0,74808.34,67073.9,10.34,Churned,2026-05-31,23,5727
ECO01061,2026-08-14,Manufacturing,USA,Medium,155,Business,249,Monthly,,28,12.0,4.0,97.0,9894.15,9894.15,0.0,Active,,1,249
ECO01062,2024-05-17,Technology,USA,Micro,12,Business,249,Monthly,Partner,20,8.1,2.4,85.0,383.23,379.0,1.1,Churned,2025-06-30,14,3486
ECO01063,2024-01-25,Hospitality,India,Small,50,Business,249,Annual,Organic Search,18,6.6,2.4,82.2,2309.13,1886.95,18.28,Active,,32,7968
ECO01064,2024-01-24,Professional Services,USA,Medium,242,Business,249,Annual,Outbound Sales,22,10.6,4.0,90.9,7082.1,6521.86,7.91,Churned,2024-10-31,10,2490
ECO01065,2025-11-07,Hospitality,UK,Small,51,Starter,39,Monthly,Organic Search,22,10.0,3.3,90.6,2114.32,1701.21,19.54,Active,,10,390
ECO01066,2025-01-22,Manufacturing,Netherlands,Small,55,Starter,39,Annual,LinkedIn,23,11.0,3.8,92.6,3812.31,3409.42,10.57,Active,,20,780
ECO01067,2024-04-12,Hospitality,India,Small,40,Business,249,Annual,Partner,20,8.2,2.4,83.0,1471.87,1486.8,-1.01,Churned,2024-08-31,5,1245
ECO01068,2024-06-14,Hospitality,Canada,Medium,130,Professional,99,Monthly,Organic Search,18,11.5,4.0,93.6,6142.63,5547.14,9.69,Active,,27,2673
ECO01069,2026-06-04,Technology,France,Small,36,Starter,39,Annual,Organic Search,18,10.0,4.0,91.4,1351.11,1183.57,12.4,Churned,2026-07-31,2,78
ECO01070,2024-01-25,Healthcare,Germany,Micro,10,Starter,39,Annual,Organic Search,19,8.7,3.3,90.1,512.78,402.58,21.49,Churned,2025-07-31,19,741
ECO01071,2024-08-14,Professional Services,Netherlands,Small,69,Business,249,Annual,Referral,26,11.9,3.4,93.9,1956.94,1905.94,2.61,Active,,25,6225
ECO01072,2025-02-02,Retail,India,Small,21,Business,249,Annual,Organic Search,19,10.7,3.9,91.7,733.97,732.47,0.2,Active,,19,4731
ECO01073,2025-04-18,Education,USA,Small,61,Business,249,Annual,LinkedIn,22,9.1,3.1,86.8,1860.81,1667.41,10.39,Active,,17,4233
ECO01074,2025-04-24,Logistics,UK,Small,69,Professional,99,Monthly,Referral,13,7.2,2.5,81.5,3997.69,4068.38,-1.77,Active,,17,1683
ECO01075,2024-08-06,Professional Services,USA,Small,22,Business,249,Annual,Partner,12,12.0,4.1,94.8,713.69,689.16,3.44,Churned,2026-06-30,23,5727
ECO01076,2025-01-01,Retail,UK,Small,33,Professional,99,Monthly,Partner,16,12.0,4.2,95.2,1145.65,959.44,16.25,Active,,20,1980
ECO01077,2025-05-09,Healthcare,UK,Small,39,Starter,39,Annual,LinkedIn,9,8.8,2.2,85.5,1804.87,1546.68,14.31,Active,,16,624
ECO01078,2025-10-21,Logistics,UK,Small,59,Professional,99,Monthly,Paid Search,27,9.3,3.2,87.9,2892.56,2919.13,-0.92,Churned,2026-03-31,6,594
ECO01079,2024-04-25,Professional Services,Australia,Medium,272,Starter,39,Monthly,Organic Search,5,7.3,3.0,82.4,8834.9,8345.49,5.54,Churned,2025-02-28,11,429
ECO01080,2025-05-20,Retail,Canada,Micro,7,Professional,99,Monthly,Paid Search,18,11.4,3.1,90.5,253.38,254.96,-0.62,Churned,2026-07-31,15,1485
ECO01081,2025-01-19,Healthcare,Netherlands,Medium,111,Business,249,Monthly,Organic Search,11,8.4,2.5,86.7,5482.87,4962.18,9.5,Active,,20,4980
ECO01082,2025-03-11,Manufacturing,Canada,Medium,248,Professional,99,Monthly,Outbound Sales,21,10.4,3.4,94.7,16155.88,16111.33,0.28,Churned,2026-01-31,11,1089
ECO01083,2025-06-05,Healthcare,Netherlands,Medium,200,Starter,39,Monthly,Paid Search,11,6.8,2.0,77.5,8747.84,8584.65,1.87,Churned,2025-10-31,5,195
ECO01084,2026-01-01,Retail,Canada,Small,55,Professional,99,Annual,Organic Search,20,8.2,2.6,86.7,1918.7,1823.19,4.98,Active,,8,792
ECO01085,2025-06-09,Healthcare,Germany,Medium,188,Professional,99,Monthly,LinkedIn,19,9.9,3.7,92.7,9267.62,7519.8,18.86,Active,,15,1485
ECO01086,2024-04-14,Technology,UK,Micro,17,Starter,39,Monthly,Organic Search,5,10.8,3.9,92.1,481.12,472.2,1.85,Active,,29,1131
ECO01087,2024-11-10,Technology,Germany,Medium,167,Business,249,Monthly,Paid Search,22,11.0,3.5,92.8,5127.77,5056.67,1.39,Active,,22,5478
ECO01088,2025-08-08,Professional Services,USA,Micro,14,Starter,39,Annual,LinkedIn,14,10.4,3.5,95.1,413.82,405.18,2.09,Active,,13,507
ECO01089,2026-08-15,Technology,USA,Small,29,Starter,39,Annual,Referral,18,14.0,3.0,99.6,885.87,885.87,0.0,Active,,1,39
ECO01090,2025-04-24,Healthcare,USA,Small,57,Starter,39,Monthly,Organic Search,11,11.4,4.2,94.5,2652.5,2573.71,2.97,Active,,17,663
ECO01091,2025-11-09,Hospitality,Germany,Small,63,Starter,39,Annual,Referral,17,10.0,3.4,89.0,2923.51,2677.19,8.43,Active,,10,390
ECO01092,2026-05-15,Professional Services,USA,Small,71,Starter,39,Monthly,Referral,8,8.5,3.0,91.6,1911.9,1847.07,3.39,Active,,4,156
ECO01093,2026-01-24,Professional Services,UK,Small,23,Starter,39,Monthly,Partner,5,9.7,4.1,85.6,710.03,674.17,5.05,Churned,2026-07-31,7,273
ECO01094,2025-10-11,Logistics,Germany,Small,79,Professional,99,Annual,Outbound Sales,7,12.0,4.4,94.2,4425.16,4228.77,4.44,Active,,11,1089
ECO01095,2025-09-25,Education,UK,Micro,5,Professional,99,Monthly,Partner,27,11.8,4.0,96.4,178.54,151.59,15.09,Active,,12,1188
ECO01096,2024-10-03,Technology,Australia,Medium,182,Starter,39,Monthly,Outbound Sales,5,11.3,3.7,93.9,5788.16,5449.16,5.86,Active,,23,897
ECO01097,2025-05-15,Retail,France,Medium,276,Professional,99,Annual,Organic Search,15,8.9,2.8,86.8,9752.06,9413.16,3.48,Active,,16,1584
ECO01098,2026-08-16,Healthcare,Germany,Small,63,Business,249,Monthly,Paid Search,15,9.0,3.0,87.8,2677.08,2677.08,0.0,Active,,1,249
ECO01099,2025-04-05,Manufacturing,UK,Medium,124,Starter,39,Monthly,Organic Search,22,10.7,4.3,93.7,8275.99,8446.83,-2.06,Churned,2026-01-31,10,390
ECO01100,2024-03-21,Professional Services,Germany,Medium,220,Enterprise,699,Monthly,Paid Search,17,10.1,3.4,92.0,6820.83,6342.96,7.01,Active,,30,20970
ECO01101,2025-04-20,Retail,USA,Micro,15,Starter,39,Annual,Outbound Sales,18,7.9,2.7,86.1,449.63,479.97,-6.75,Churned,2026-03-31,12,468
ECO01102,2026-08-08,Technology,Germany,Medium,268,Professional,99,Annual,Organic Search,28,8.0,2.0,85.7,7793.57,7793.57,0.0,Active,,1,99
ECO01103,2025-05-11,Manufacturing,Germany,Micro,15,Professional,99,Monthly,Partner,13,11.7,4.0,95.1,1097.69,1009.93,7.99,Active,,16,1584
ECO01104,2025-08-07,Manufacturing,France,Medium,153,Business,249,Annual,Organic Search,12,8.0,2.6,86.9,9906.68,9072.63,8.42,Active,,13,3237
ECO01105,2026-05-13,Technology,Germany,Micro,17,Professional,99,Monthly,Organic Search,20,7.0,2.5,83.9,513.86,495.05,3.66,Active,,4,396
ECO01106,2025-04-02,Hospitality,India,Large,996,Enterprise,699,Annual,LinkedIn,10,7.1,2.4,82.6,43006.65,41096.02,4.44,Active,,17,11883
ECO01107,2026-07-17,Manufacturing,UK,Small,52,Starter,39,Monthly,Partner,12,6.0,1.0,83.9,3405.98,3640.02,-6.87,Active,,2,78
ECO01108,2025-09-11,,USA,Medium,142,Professional,99,Monthly,Referral,21,9.0,3.6,86.3,8245.48,8303.12,-0.7,Churned,2026-01-31,5,495
ECO01109,2026-03-27,Manufacturing,Germany,Micro,8,Professional,99,Monthly,Organic Search,25,10.3,2.7,90.4,552.44,528.18,4.39,Churned,2026-05-31,3,297
ECO01110,2026-08-27,Retail,India,Micro,14,Starter,39,Monthly,Paid Search,28,16.0,5.0,97.7,478.26,478.26,0.0,Active,,1,39
ECO01111,2024-09-19,Logistics,India,Micro,10,Starter,39,Monthly,Paid Search,15,10.5,3.3,90.8,449.3,476.24,-6.0,Active,,24,936
ECO01112,2025-05-20,Hospitality,Netherlands,Small,24,Business,249,Monthly,LinkedIn,12,9.6,2.6,89.9,1129.21,947.6,16.08,Active,,16,3984
ECO01113,2025-07-26,Logistics,Germany,Small,35,Professional,99,Monthly,LinkedIn,12,8.0,2.8,85.2,1936.61,1954.3,-0.91,Churned,2026-06-30,12,1188
ECO01114,2026-01-25,Education,Australia,Small,57,Professional,99,Monthly,Referral,16,11.5,3.1,92.2,1947.1,1964.26,-0.88,Active,,8,792
ECO01115,2026-05-26,Retail,UK,Medium,120,Business,249,Annual,Organic Search,11,12.8,4.8,92.4,4663.67,4317.74,7.42,Active,,4,996
ECO01116,2024-12-18,Hospitality,USA,Medium,154,Professional,99,Annual,LinkedIn,13,7.8,3.2,86.2,6366.9,7242.07,-13.75,Churned,2025-05-31,6,594
ECO01117,2025-05-05,Technology,India,Medium,233,Professional,99,Monthly,Organic Search,16,9.0,2.8,85.4,6587.65,6423.59,2.49,Active,,16,1584
ECO01118,2026-05-04,Technology,Netherlands,Micro,15,Professional,99,Monthly,Organic Search,16,12.5,4.2,94.9,443.03,414.22,6.5,Active,,4,396
ECO01119,2024-04-20,Technology,Netherlands,Small,43,Starter,39,Monthly,LinkedIn,16,9.8,2.8,89.1,1264.65,1161.44,8.16,Churned,2025-04-30,13,507
ECO01120,2025-11-15,Hospitality,Netherlands,Micro,10,Professional,99,Annual,Partner,15,11.3,3.4,93.7,423.87,372.89,12.03,Active,,10,990
ECO01121,2025-04-19,Logistics,Netherlands,Micro,15,Professional,99,Annual,Referral,17,10.9,3.6,95.6,860.26,854.34,0.69,Churned,2025-12-31,9,891
ECO01122,2024-01-16,Logistics,UK,Medium,247,Starter,39,Annual,Organic Search,14,10.6,3.6,90.9,12712.8,12107.37,4.76,Active,,32,1248
ECO01123,2026-06-22,Logistics,India,Medium,98,Starter,39,Monthly,Outbound Sales,17,10.7,2.3,90.6,4724.12,4482.19,5.12,Active,,3,117
ECO01124,2026-06-19,Education,UK,Micro,6,Professional,99,Monthly,Paid Search,18,7.0,2.3,82.0,182.1,184.47,-1.3,Active,,3,297
ECO01125,2026-08-24,Professional Services,Germany,Medium,153,Professional,99,Annual,Referral,15,9.0,3.0,85.3,4019.49,4019.49,0.0,Active,,1,99
ECO01126,2024-12-26,Technology,UK,Medium,208,Business,249,Annual,LinkedIn,13,5.9,1.6,78.6,5961.24,5541.14,7.05,Churned,2025-12-31,13,3237
ECO01127,2025-02-25,Technology,India,Small,27,Starter,39,Monthly,Organic Search,22,12.6,4.1,93.9,770.3,789.63,-2.51,Churned,2025-10-31,9,351
ECO01128,2026-01-04,Technology,USA,Micro,8,Business,249,Monthly,Partner,12,8.1,2.5,84.6,225.64,211.64,6.2,Active,,8,1992
ECO01129,2025-07-18,Technology,UK,Small,36,Professional,99,Annual,Organic Search,17,11.4,4.1,93.3,979.75,955.79,2.45,Active,,14,1386
ECO01130,2025-10-02,Retail,India,Small,36,Enterprise,699,Monthly,LinkedIn,17,9.0,2.9,86.7,1253.89,1167.1,6.92,Active,,11,7689
ECO01131,2024-03-06,Healthcare,USA,Micro,16,Starter,39,Annual,Paid Search,14,12.2,3.6,95.9,707.44,679.9,3.89,Active,,30,1170
ECO01132,2024-03-12,Manufacturing,Netherlands,Medium,275,Starter,39,Monthly,Organic Search,23,7.0,2.1,80.6,20598.18,19320.02,6.21,Churned,2024-10-31,8,312
ECO01133,2026-01-11,Hospitality,France,Medium,246,Starter,39,Monthly,Organic Search,17,9.5,3.6,90.6,10645.12,9742.64,8.48,Active,,8,312
ECO01134,2024-11-14,Hospitality,USA,Small,37,Starter,39,Annual,Referral,20,8.0,2.6,84.7,1493.12,1333.13,10.72,Active,,22,858
ECO01135,2024-01-25,Retail,India,Micro,8,Business,249,Monthly,Outbound Sales,29,11.2,3.9,94.4,254.43,248.81,2.21,Active,,32,7968
ECO01136,2024-09-14,Professional Services,Netherlands,Small,66,Starter,39,Monthly,Outbound Sales,19,7.6,2.4,85.1,2064.1,1775.64,13.98,Churned,2025-04-30,8,312
ECO01137,2025-10-01,Manufacturing,UK,Micro,19,Starter,39,Monthly,Organic Search,20,8.9,2.6,86.0,1275.57,1280.98,-0.42,Active,,11,429
ECO01138,2024-11-07,Education,Germany,Micro,6,Professional,99,Monthly,LinkedIn,17,9.3,2.8,87.1,192.17,171.11,10.96,Active,,22,2178
ECO01139,2025-10-26,Technology,France,Small,54,Professional,99,Monthly,Paid Search,13,8.7,2.9,87.1,1535.85,1498.81,2.41,Active,,11,1089
ECO01140,2024-05-24,Technology,UK,Small,46,Business,249,Monthly,Organic Search,16,12.6,3.9,95.8,1454.07,1352.13,7.01,Active,,28,6972
ECO01141,2025-06-16,Retail,UK,Small,49,Starter,39,Annual,Outbound Sales,21,12.5,3.9,96.3,1648.37,1591.37,3.46,Active,,15,585
ECO01142,2026-07-21,Professional Services,USA,Small,53,Professional,99,Annual,Outbound Sales,20,11.5,2.5,92.3,1549.63,1445.07,6.75,Active,,2,198
ECO01143,2024-06-14,Technology,USA,Medium,155,Starter,39,Monthly,Outbound Sales,12,7.6,2.4,82.1,4790.89,4400.23,8.15,Active,,27,1053
ECO01144,2025-06-08,Hospitality,France,Medium,260,Starter,39,Annual,Organic Search,11,8.1,2.9,87.7,10206.03,9462.17,7.29,Active,,15,585
ECO01145,2026-08-05,Retail,France,Small,56,Professional,99,Annual,Paid Search,20,3.0,0.0,84.9,1994.46,1994.46,0.0,Active,,1,99
ECO01146,2025-09-17,Manufacturing,USA,Small,59,Professional,99,Annual,Organic Search,12,11.0,4.0,92.1,4026.97,3632.07,9.81,Active,,12,1188
ECO01147,2024-03-26,Retail,Canada,Small,73,Business,249,Monthly,LinkedIn,10,12.6,3.7,95.8,2358.7,2191.64,7.08,Active,,30,7470
ECO01148,2026-01-17,Healthcare,Canada,Micro,19,Professional,99,Monthly,Organic Search,18,8.5,2.6,89.5,848.61,740.18,12.78,Active,,8,792
ECO01149,2024-02-18,Healthcare,UK,Small,57,Starter,39,Annual,Paid Search,14,8.2,2.8,83.6,2102.93,2029.05,3.51,Churned,2026-06-30,29,1131
ECO01150,2025-01-15,Technology,USA,Small,73,Professional,99,Annual,Referral,27,11.1,3.6,93.8,2146.84,1987.73,7.41,Active,,20,1980
ECO01151,2025-06-12,Manufacturing,UK,Micro,19,Business,249,Monthly,Paid Search,15,10.5,3.4,90.6,1280.48,1219.67,4.75,Active,,15,3735
ECO01152,2026-03-20,Technology,UK,Small,71,Professional,99,Monthly,Organic Search,25,11.0,3.3,93.5,2104.47,2080.26,1.15,Active,,6,594
ECO01153,2024-06-08,Education,USA,Small,79,Starter,39,Annual,Outbound Sales,15,11.1,3.7,92.3,2479.97,2293.62,7.51,Active,,27,1053
ECO01154,2026-05-13,Retail,France,Micro,8,Business,249,Annual,Referral,21,11.2,2.8,96.1,299.88,287.75,4.04,Active,,4,996
ECO01155,2024-03-27,Manufacturing,UK,Small,27,Professional,99,Monthly,Partner,14,11.5,3.5,93.8,1824.19,1588.92,12.9,Churned,2025-01-31,11,1089
ECO01156,2025-09-06,Hospitality,France,Small,50,Enterprise,699,Annual,LinkedIn,13,11.6,3.9,93.8,1943.43,1926.23,0.89,Active,,12,8388
ECO01157,2026-05-14,Technology,USA,Micro,19,Professional,99,Monthly,Paid Search,12,11.5,3.2,88.4,564.77,532.13,5.78,Active,,4,396
ECO01158,2024-12-08,Manufacturing,Australia,Small,22,Business,249,Annual,Outbound Sales,18,11.5,3.6,94.3,1583.33,1415.43,10.6,Active,,21,5229
ECO01159,2026-02-05,Hospitality,Germany,Micro,18,Business,249,Annual,Referral,15,8.3,2.6,83.5,860.78,872.53,-1.37,Active,,7,1743
ECO01160,2026-03-01,Manufacturing,USA,Small,32,Business,249,Monthly,Outbound Sales,18,7.5,3.0,85.5,2221.01,2044.7,7.94,Active,,6,1494
ECO01161,2025-05-25,Professional Services,UK,Micro,19,Professional,99,Annual,LinkedIn,17,10.1,3.5,91.1,536.6,539.36,-0.51,Active,,16,1584
ECO01162,2025-11-14,Professional Services,UK,Micro,5,Business,249,Annual,Referral,12,10.8,3.4,92.1,164.57,151.44,7.98,Active,,10,2490
ECO01163,2024-05-02,Retail,India,Medium,117,Business,249,Monthly,Paid Search,22,11.7,4.0,94.0,4786.74,4228.32,11.67,Active,,28,6972
ECO01164,2024-06-26,Logistics,UK,Medium,127,Professional,99,Monthly,Organic Search,20,7.8,2.7,83.9,5004.48,5215.86,-4.22,Active,,27,2673
ECO01165,2026-08-26,Healthcare,France,Small,52,Business,249,Monthly,Organic Search,18,14.0,5.0,95.0,2376.97,2376.97,0.0,Active,,1,249
ECO01166,2024-05-22,Retail,India ,Medium,178,Professional,99,Monthly,Paid Search,17,9.4,3.6,89.1,6203.58,6454.74,-4.05,Churned,2025-02-28,10,990
ECO01167,2024-04-12,Technology,USA,Small,71,Business,249,Monthly,Referral,15,10.7,3.6,92.7,2255.75,2240.78,0.66,Active,,29,7221
ECO01168,2026-05-06,Technology,Netherlands,Micro,9,Starter,39,Monthly,Paid Search,27,7.0,2.5,81.0,258.91,270.28,-4.39,Active,,4,156
ECO01169,2024-04-23,Manufacturing,UK,Small,61,Business,249,Annual,LinkedIn,13,11.2,3.9,94.2,4040.18,3794.48,6.08,Active,,29,7221
ECO01170,2026-06-25,Professional Services,USA,Large,1068,Business,249,Annual,Outbound Sales,25,9.7,2.3,91.5,35127.04,30520.0,13.12,Active,,3,747
ECO01171,2024-11-17,Retail,UK,Micro,18,Starter,39,Annual,Organic Search,15,9.7,3.7,89.9,628.7,604.81,3.8,Churned,2026-01-31,15,585
ECO01172,2026-02-03,Professional Services,UK,Medium,284,Starter,39,Monthly,LinkedIn,11,11.4,3.4,94.6,8882.79,8268.49,6.92,Active,,7,273
ECO01173,2025-12-08,Technology,France,Small,67,Business,249,Annual,Partner,16,12.8,3.3,93.2,1756.41,1819.7,-3.6,Active,,9,2241
ECO01174,2024-08-14,Manufacturing,Netherlands,Small,40,Professional,99,Annual,Referral,19,11.8,3.8,92.4,2582.38,2861.64,-10.81,Churned,2024-11-30,4,396
ECO01175,2025-06-22,Manufacturing,India,Medium,213,Starter,39,Annual,Outbound Sales,19,10.1,3.2,89.2,14668.29,12750.09,13.08,Active,,15,585
ECO01176,2025-08-11,Manufacturing,USA,Small,24,Business,249,Monthly,Organic Search,8,7.6,2.4,82.9,1371.09,1429.31,-4.25,Churned,2026-06-30,11,2739
ECO01177,2025-12-11,Retail,France,Small,48,Professional,99,Monthly,Organic Search,20,9.7,3.8,91.1,1824.3,1934.37,-6.03,Active,,9,891
ECO01178,2025-11-16,Healthcare,Australia,Small,54,Business,249,Monthly,Paid Search,23,6.7,2.3,80.8,2509.44,2119.22,15.55,Churned,2026-01-31,3,747
ECO01179,2025-03-11,Hospitality,USA,Medium,225,Starter,39,Monthly,Paid Search,25,10.1,3.8,92.2,11122.05,9561.54,14.03,Active,,18,702
ECO01180,2024-10-03,Hospitality,USA,Medium,123,Business,249,Monthly,Organic Search,31,11.9,4.0,95.0,5026.39,4106.87,18.29,Active,,23,5727
ECO01181,2024-10-17,Hospitality,India,Small,22,Starter,39,Monthly,Partner,7,8.8,3.0,87.0,992.82,955.07,3.8,Churned,2025-08-31,11,429
ECO01182,2024-12-08,Logistics,Germany,Small,52,Professional,99,Annual,Outbound Sales,18,10.0,3.4,88.8,2736.1,2574.26,5.91,Active,,21,2079
ECO01183,2025-02-03,Manufacturing,Canada,Small,65,Starter,39,Annual,Paid Search,18,10.8,3.6,92.5,4385.63,3994.15,8.93,Active,,19,741
ECO01184,2025-09-10,Manufacturing,UK,Small,39,Starter,39,Monthly,Paid Search,15,8.9,2.9,87.4,2618.32,2521.3,3.71,Churned,2026-08-31,12,468
ECO01185,2026-06-10,Professional Services,India,Large,963,Business,249,Annual,Paid Search,20,9.0,2.7,85.9,32420.07,30010.56,7.43,Active,,3,747
ECO01186,2025-11-22,Logistics,India,Micro,6,Starter,39,Annual,Organic Search,21,11.9,3.6,97.0,292.83,268.49,8.31,Active,,10,390
ECO01187,2025-09-18,Retail,Netherlands,Large,438,Starter,39,Annual,Referral,23,8.7,3.5,87.7,17523.18,14825.1,15.4,Active,,12,468
ECO01188,2024-11-20,Professional Services,Netherlands,Small,41,Professional,99,Annual,LinkedIn,12,9.5,2.6,88.8,1273.68,1286.29,-0.99,Active,,22,2178
ECO01189,2025-05-05,Healthcare,Germany,Micro,8,Professional,99,Annual,Paid Search,20,11.1,3.7,95.5,325.54,327.07,-0.47,Active,,16,1584
ECO01190,2024-08-09,Manufacturing,USA,Small,79,Starter,39,Monthly,LinkedIn,23,12.5,4.0,97.3,5312.57,5173.07,2.63,Churned,2025-06-30,11,429
ECO01191,2025-04-10,Education,UK,Small,31,Starter,39,Annual,Paid Search,21,10.1,3.3,92.0,1070.86,1015.86,5.14,Active,,17,663
ECO01192,2024-10-27,Education,India,Small,33,Professional,99,Annual,Organic Search,19,11.3,3.4,92.6,1053.73,917.35,12.94,Active,,23,2277
ECO01193,2025-05-04,Retail,Canada,Large,920,Business,249,Annual,Paid Search,20,9.1,2.8,89.8,33062.42,32644.61,1.26,Active,,16,3984
ECO01194,2026-06-07,Manufacturing,Canada,Small,49,Professional,99,Annual,Organic Search,13,11.3,5.0,95.3,3648.81,3595.0,1.47,Active,,3,297
ECO01195,2024-01-10,Technology,Germany,Large,459,Business,249,Annual,Organic Search,25,10.7,3.5,91.6,12115.49,11496.06,5.11,Active,,32,7968
ECO01196,2024-07-21,Professional Services,India,Small,63,Starter,39,Monthly,Referral,17,10.0,3.6,89.4,1729.32,1811.23,-4.74,Churned,2025-12-31,18,702
ECO01197,2025-04-06,Professional Services,Netherlands,Micro,17,Starter,39,Monthly,Organic Search,13,11.1,3.4,91.7,497.59,556.22,-11.78,Churned,2026-07-31,16,624
ECO01198,2026-04-18,Professional Services,Canada,Medium,182,Starter,39,Annual,Outbound Sales,11,7.2,3.8,89.2,4781.08,5208.5,-8.94,Active,,5,195
ECO01199,2025-08-09,Manufacturing,UK,Large,414,Professional,99,Annual,Paid Search,18,9.5,3.1,89.8,25907.34,24359.87,5.97,Active,,13,1287
ECO01200,2025-08-06,Professional Services,Canada,Large,1036,Business,249,Annual,Paid Search,16,10.8,4.1,92.6,33218.4,35379.43,-6.51,Active,,13,3237
ECO01201,2026-01-14,Hospitality,France,Small,46,Professional,99,Monthly,LinkedIn,27,11.1,3.1,90.2,2282.81,1999.05,12.43,Active,,8,792
ECO01202,2025-06-02,Healthcare,Australia,Medium,147,Starter,39,Monthly,Paid Search,11,11.0,3.3,93.0,6355.26,6600.3,-3.86,Churned,2026-02-28,9,351
ECO01203,2025-09-12,Education,UK,Medium,138,Professional,99,Monthly,Outbound Sales,24,10.2,3.5,95.1,4393.38,4048.71,7.85,Active,,12,1188
ECO01204,2024-06-06,Logistics,UK,Micro,8,Professional,99,Monthly,Outbound Sales,20,10.0,3.0,92.0,466.56,412.79,11.52,Active,,27,2673
ECO01205,2026-05-20,Technology,Germany,Micro,7,Starter,39,Monthly,Paid Search,26,10.8,3.5,93.0,220.83,213.17,3.47,Active,,4,156
ECO01206,2026-07-22,Logistics,Germany,Medium,146,Professional,99,Annual,Organic Search,18,7.0,1.5,85.6,7221.98,7178.91,0.6,Active,,2,198
ECO01207,2025-10-25,Retail,USA,Medium,287,Enterprise,699,Monthly,Partner,17,9.3,3.0,88.3,9849.82,9797.78,0.53,Churned,2025-12-31,3,2097
ECO01208,2024-01-11,Hospitality,Australia,Small,63,Business,249,Monthly,LinkedIn,22,11.2,4.1,95.2,2493.9,2169.01,13.03,Churned,2026-08-31,32,7968
ECO01209,2025-12-09,Hospitality,UK,Large,1033,Business,249,Monthly,Referral,16,9.2,3.6,93.1,41479.38,41531.34,-0.13,Churned,2026-07-31,8,1992
ECO01210,2024-05-14,Technology,France,Micro,8,Starter,39,Annual,Organic Search,26,11.1,3.3,92.6,261.87,252.13,3.72,Churned,2024-11-30,7,273
ECO01211,2025-01-07,Manufacturing,UK,Micro,16,Starter,39,Annual,Outbound Sales,9,9.5,3.6,91.4,1200.22,1097.32,8.57,Active,,20,780
ECO01212,2024-09-23,Manufacturing,India,Medium,120,Enterprise,699,Monthly,Organic Search,15,12.0,3.9,95.9,9297.71,8196.2,11.85,Active,,24,16776
ECO01213,2026-06-23,Manufacturing,USA,Large,767,Enterprise,699,Annual,Paid Search,33,11.3,4.0,97.3,50504.12,50337.83,0.33,Active,,3,2097
ECO01214,2026-07-23,Education,USA,Small,26,Starter,39,Annual,Outbound Sales,14,12.5,5.0,94.2,720.02,782.6,-8.69,Active,,2,78
ECO01215,2026-01-22,Professional Services,Australia,Micro,6,Starter,39,Monthly,Outbound Sales,20,9.9,3.0,85.2,204.25,212.17,-3.88,Active,,8,312
ECO01216,2026-04-03,Logistics,France,Medium,249,Professional,99,Monthly,Referral,20,11.4,4.6,95.8,12254.29,12301.46,-0.38,Active,,5,495
ECO01217,2024-08-10,Retail,Germany,Small,78,Starter,39,Monthly,Referral,19,11.6,3.8,95.6,2663.19,2459.78,7.64,Active,,25,975
ECO01218,2024-06-18,Healthcare,UK,Small,47,Enterprise,699,Annual,Outbound Sales,16,11.2,4.1,92.8,2167.24,2216.44,-2.27,Churned,2025-02-28,9,6291
ECO01219,2025-05-16,Professional Services,India,Medium,100,Professional,99,Annual,Organic Search,16,11.2,3.8,94.8,3389.09,3355.7,0.99,Churned,2026-08-31,16,1584
ECO01220,2024-07-02,Healthcare,UK,Small,51,Professional,99,Monthly,Organic Search,16,8.1,2.9,84.3,2090.22,2152.53,-2.98,Churned,2026-05-31,23,2277
ECO01221,2025-01-02,Technology,UK,Small,50,Professional,99,Annual,Paid Search,20,11.8,4.0,94.0,1369.72,1265.85,7.58,Active,,20,1980
ECO01222,2026-08-01,Hospitality,Netherlands,Small,40,Starter,39,Annual,Referral,15,8.0,4.0,82.3,1680.64,1680.64,0.0,Active,,1,39
ECO01223,2025-08-14,Technology,India,Small,41,Starter,39,Monthly,Referral,24,11.6,3.8,95.3,1123.4,1077.28,4.11,Active,,13,507
ECO01224,2024-11-06,Healthcare,Australia,Small,30,Starter,39,Monthly,,24,10.9,4.1,92.5,1557.11,1358.95,12.73,Active,,22,858
ECO01225,2025-11-19,Manufacturing,USA,Small,22,Starter,39,Monthly,Paid Search,19,12.2,4.2,96.0,1318.84,1285.97,2.49,Active,,10,390
ECO01226,2026-04-04,Retail,Australia,Medium,117,Starter,39,Monthly,Outbound Sales,12,9.8,3.2,90.8,4300.42,4326.53,-0.61,Churned,2026-08-31,5,195
ECO01227,2025-10-02,Hospitality,Canada,Small,34,Professional,99,Monthly,Outbound Sales,12,8.6,3.4,89.0,1352.73,1370.37,-1.3,Churned,2026-02-28,5,495
ECO01228,2025-02-18,Education,Netherlands,Small,77,Business,249,Annual,Referral,15,11.6,3.4,93.1,2467.07,2433.34,1.37,Active,,19,4731
ECO01229,2024-11-17,Hospitality,Australia,Small,22,Business,249,Monthly,Referral,20,10.6,3.8,93.6,872.63,837.29,4.05,Churned,2025-10-31,12,2988
ECO01230,2025-04-24,Technology,UK,Micro,17,Starter,39,Monthly,Organic Search,13,11.0,3.8,92.0,441.14,424.94,3.67,Active,,17,663
ECO01231,2024-04-04,Professional Services,India,Micro,5,Professional,99,Monthly,Organic Search,26,7.0,2.0,82.5,156.93,142.5,9.2,Churned,2025-11-30,20,1980
ECO01232,2025-04-08,Technology,Germany,Medium,117,Professional,99,Monthly,Outbound Sales,23,10.0,4.5,89.0,3161.78,3486.73,-10.28,Churned,2025-05-31,2,198
ECO01233,2024-08-03,Technology,UK,Small,76,Professional,99,Monthly,LinkedIn,18,7.8,3.3,87.7,2054.98,2061.9,-0.34,Churned,2025-07-31,12,1188
ECO01234,2026-04-13,Manufacturing,Netherlands,Micro,5,Business,249,Annual,Outbound Sales,20,11.0,3.6,92.8,335.26,337.01,-0.52,Active,,5,1245
ECO01235,2024-06-20,Logistics,France,Small,79,Professional,99,Monthly,Outbound Sales,25,7.6,2.7,83.0,3885.32,3580.01,7.86,Active,,27,2673
ECO01236,2025-07-10,Retail,USA,Large,856,Enterprise,699,Monthly,Outbound Sales,20,10.8,3.5,90.6,29390.58,29480.64,-0.31,Churned,2026-04-30,10,6990
ECO01237,2024-07-10,Healthcare,USA,Medium,93,Starter,39,Annual,Organic Search,9,10.0,3.6,91.7,4039.22,3958.45,2.0,Active,,26,1014
ECO01238,2026-06-20,Healthcare,Australia,Medium,87,Professional,99,Monthly,Outbound Sales,20,10.7,3.7,86.9,3804.09,3423.86,10.0,Active,,3,297
ECO01239,2026-03-18,Retail,UK,Medium,106,Professional,99,Monthly,Organic Search,24,7.8,2.5,88.7,3872.81,4046.69,-4.49,Churned,2026-06-30,4,396
ECO01240,2025-03-23,Technology,India,Small,20,Professional,99,Monthly,LinkedIn,24,10.0,2.0,86.2,577.77,587.49,-1.68,Churned,2025-05-31,3,297
ECO01241,2024-12-20,Professional Services,India,Medium,123,Professional,99,Annual,Outbound Sales,13,13.0,4.0,96.5,3622.9,3502.76,3.32,Active,,21,2079
ECO01242,2024-04-15,Professional Services,France,Medium,258,Professional,99,Annual,Outbound Sales,22,12.0,4.1,95.8,7317.85,7010.05,4.21,Churned,2026-06-30,27,2673
ECO01243,2026-05-10,Logistics,UK,Medium,162,Business,249,Monthly,Paid Search,11,13.2,3.8,96.0,7267.93,7889.08,-8.55,Active,,4,996
ECO01244,2026-05-13,Technology,Australia,Small,21,Enterprise,699,Monthly,Organic Search,18,5.2,1.8,83.3,568.12,557.2,1.92,Active,,4,2796
ECO01245,2024-11-13,Professional Services,USA,Medium,276,Business,249,Monthly,Paid Search,19,9.2,3.7,91.5,9059.62,8109.59,10.49,Active,,22,5478
ECO01246,2025-08-02,Professional Services,India,Medium,279,Starter,39,Monthly,Paid Search,15,11.9,3.8,94.9,8624.49,7165.52,16.92,Active,,13,507
ECO01247,2025-04-23,Technology,UK,Small,58,Starter,39,Annual,Paid Search,19,8.5,3.0,86.2,1730.43,1766.28,-2.07,Churned,2025-05-31,2,78
ECO01248,2025-08-16,Healthcare,India,Small,78,Business,249,Monthly,LinkedIn,13,12.3,4.3,92.1,3208.37,3131.45,2.4,Active,,13,3237
ECO01249,2025-04-12,Healthcare,UK,Micro,16,Business,249,Annual,LinkedIn,16,7.4,2.0,83.2,775.72,720.84,7.07,Active,,17,4233
ECO01250,2024-09-07,Technology,France,Medium,246,Professional,99,Annual,Paid Search,5,5.7,2.1,78.3,7570.73,6640.72,12.28,Churned,2025-11-30,15,1485
ECO01251,2026-02-20,Hospitality,Germany,Small,57,Business,249,Annual,Partner,23,11.4,2.9,96.6,2625.27,2498.96,4.81,Active,,7,1743
ECO01252,2026-07-14,Manufacturing,Germany,Small,71,Business,249,Annual,Outbound Sales,18,9.5,4.0,94.6,4578.2,4412.1,3.63,Active,,2,498
ECO01253,2026-06-09,Hospitality,Australia,Micro,12,Starter,39,Monthly,Outbound Sales,19,11.0,3.3,91.8,564.36,551.86,2.21,Active,,3,117
ECO01254,2024-12-25,Manufacturing,UK,Small,24,Starter,39,Monthly,Outbound Sales,21,11.9,4.1,95.9,1606.66,1361.11,15.28,Active,,21,819
ECO01255,2024-09-17,Hospitality,Germany,Medium,267,Starter,39,Monthly,Referral,16,10.4,3.1,89.6,12702.51,11277.82,11.22,Active,,24,936
ECO01256,2025-12-27,Professional Services,India,Medium,196,Starter,39,Monthly,Referral,19,11.1,3.9,96.4,5599.32,5606.63,-0.13,Active,,9,351
ECO01257,2024-01-16,Technology,UK,Small,58,Business,249,Monthly,Referral,12,9.5,2.7,87.2,1943.72,1777.75,8.54,Active,,32,7968
ECO01258,2025-05-21,Manufacturing,France,Micro,18,Starter,39,Monthly,Outbound Sales,24,9.6,3.4,88.9,1301.69,1214.13,6.73,Active,,16,624
ECO01259,2026-04-25,Professional Services,France,Medium,299,Professional,99,Annual,Outbound Sales,10,9.0,3.4,88.8,8837.45,8871.54,-0.39,Churned,2026-08-31,5,495
ECO01260,2024-12-13,Retail,Germany,Small,22,Starter,39,Monthly,LinkedIn,18,2.0,2.0,74.8,802.64,758.59,5.49,Churned,2025-02-28,3,117
ECO01261,2024-02-03,Retail,Germany,Large,953,Business,249,Annual,Outbound Sales,18,10.3,3.3,89.7,30054.45,29546.0,1.69,Active,,31,7719
ECO01262,2026-07-16,Technology,USA,Micro,7,Professional,99,Monthly,Outbound Sales,18,10.0,3.5,91.5,200.48,191.71,4.37,Active,,2,198
ECO01263,2026-06-20,Retail,UK,Small,63,Professional,99,Annual,LinkedIn,19,9.0,3.0,90.3,2470.99,2557.99,-3.52,Active,,3,297
ECO01264,2026-03-23,Technology,Germany,Medium,242,Professional,99,Monthly,Paid Search,21,9.2,3.0,87.9,7717.88,7492.27,2.92,Active,,6,594
ECO01265,2024-12-13,Manufacturing,USA,Micro,9,Starter,39,Monthly,Referral,21,12.4,3.7,95.9,563.89,520.83,7.64,Active,,21,819
ECO01266,2025-12-20,Retail,USA,Small,64,Professional,99,Annual,Paid Search,20,9.0,2.1,82.8,2352.33,2071.5,11.94,Active,,9,891
ECO01267,2024-09-10,Hospitality,Australia,Micro,7,Business,249,Annual,Referral,16,7.4,2.4,82.6,319.12,303.46,4.91,Active,,24,5976
ECO01268,2026-04-20,Hospitality,USA,Small,50,Starter,39,Monthly,Referral,10,11.0,4.0,92.6,2150.26,1835.0,14.66,Active,,5,195
ECO01269,2024-04-20,Education,Australia,Small,28,Business,249,Monthly,Organic Search,11,7.4,2.7,85.0,863.18,866.04,-0.33,Churned,2025-01-31,10,2490
ECO01270,2024-11-24,Healthcare,Germany,Medium,172,Starter,39,Monthly,Paid Search,15,8.8,3.2,93.6,6600.18,6144.49,6.9,Churned,2025-02-28,4,156
ECO01271,2026-07-25,Hospitality,Australia,Micro,8,Starter,39,Monthly,LinkedIn,14,9.0,4.5,89.6,341.2,323.54,5.18,Active,,2,78
ECO01272,2024-08-27,Professional Services,Germany,Large,1176,Enterprise,699,Annual,Partner,28,12.2,4.3,96.1,33574.4,33958.33,-1.14,Active,,25,17475
ECO01273,2026-07-13,Hospitality,India,Medium,134,Professional,99,Monthly,Referral,17,13.0,5.0,97.1,5134.44,5003.64,2.55,Active,,2,198
ECO01274,2025-02-03,Hospitality,USA,Micro,10,Business,249,Annual,Referral,17,11.0,3.4,92.3,454.29,385.09,15.23,Active,,19,4731
ECO01275,2026-07-12,Professional Services,USA,Small,72,Business,249,Monthly,Referral,21,12.0,5.0,95.6,2033.1,1972.13,3.0,Active,,2,498
ECO01276,2024-12-03,Education,UK,Micro,8,Business,249,Monthly,LinkedIn,15,8.5,2.8,87.9,212.68,213.22,-0.25,Active,,21,5229
ECO01277,2025-06-15,Professional Services,UK,Medium,274,Professional,99,Annual,Organic Search,20,11.9,4.3,96.2,8345.61,7616.61,8.74,Active,,15,1485
ECO01278,2025-05-26,Manufacturing,UK,Medium,158,Business,249,Annual,LinkedIn,21,10.9,3.9,92.3,11679.78,10244.32,12.29,Active,,16,3984
ECO01279,2024-08-06,Technology,UK,Micro,8,Professional,99,Annual,Referral,19,10.8,3.6,95.7,249.93,223.96,10.39,Churned,2025-12-31,17,1683
ECO01280,2025-04-13,Education,USA,Small,42,Professional,99,Monthly,Outbound Sales,10,7.2,2.6,83.2,1418.26,1229.17,13.33,Active,,17,1683
ECO01281,2025-03-17,Technology,Canada,Small,68,Starter,39,Monthly,Organic Search,18,8.8,3.2,86.6,1921.73,1841.85,4.16,Active,,18,702
ECO01282,2025-03-12,Retail,USA,Small,63,Starter,39,Monthly,Outbound Sales,10,9.8,2.9,89.5,2351.71,2265.91,3.65,Active,,18,702
ECO01283,2024-07-11,Retail,UK,Micro,11,Business,249,Annual,Paid Search,13,6.9,2.5,81.8,350.75,330.48,5.78,Active,,26,6474
ECO01284,2024-10-22,Technology,Australia,Small,54,Starter,39,Monthly,Paid Search,18,11.0,3.6,95.3,1391.72,1366.44,1.82,Churned,2025-02-28,5,195
ECO01285,2026-03-02,Hospitality,UK,Medium,268,Business,249,Annual,Organic Search,6,9.0,3.2,92.3,13902.05,12918.55,7.07,Active,,6,1494
ECO01286,2026-06-03,Logistics,UK,Micro,16,Starter,39,Monthly,Outbound Sales,23,8.0,3.0,83.4,839.31,894.76,-6.61,Active,,3,117
ECO01287,2024-08-11,Technology,USA,Small,59,Starter,39,Annual,Paid Search,12,11.6,4.4,95.7,2046.36,1584.28,22.58,Active,,25,975
ECO01288,2024-08-24,Professional Services,France,Small,38,Professional,99,Annual,Outbound Sales,18,10.5,3.6,92.2,1284.08,1342.93,-4.58,Active,,25,2475
ECO01289,2024-10-24,Professional Services,UK,Small,54,Professional,99,Annual,Partner,22,7.9,2.7,83.2,1520.84,1501.46,1.27,Active,,23,2277
ECO01290,2026-07-13,Healthcare,France,Medium,229,Enterprise,699,Monthly,Paid Search,14,8.5,3.0,87.8,10404.55,10330.67,0.71,Active,,2,1398
ECO01291,2026-05-16,Technology,UK,Micro,13,Business,249,Annual,LinkedIn,24,10.2,3.5,94.8,360.15,358.44,0.47,Active,,4,996
ECO01292,2024-04-10,Retail,Germany,Medium,153,Professional,99,Monthly,LinkedIn,23,11.6,4.1,95.0,5438.5,5194.85,4.48,Active,,29,2871
ECO01293,2024-02-04,Retail,UK,Medium,154,Professional,99,Annual,Paid Search,17,10.0,3.9,93.2,6072.88,5801.69,4.47,Active,,31,3069
ECO01294,2025-03-11,Professional Services,UK,Small,50,Enterprise,699,Annual,Organic Search,5,7.2,2.4,82.3,1438.83,1499.13,-4.19,Churned,2026-06-30,16,11184
ECO01295,2024-03-09,Manufacturing,USA,Medium,125,Business,249,Monthly,Organic Search,13,10.7,3.5,92.4,8984.07,8696.15,3.2,Active,,30,7470
ECO01296,2026-06-25,Retail,Canada,Medium,225,Business,249,Annual,Outbound Sales,16,8.3,2.7,90.1,8403.13,8523.48,-1.43,Active,,3,747
ECO01297,2026-08-14,Technology,Netherlands,Small,49,Starter,39,Monthly,Outbound Sales,27,9.0,4.0,93.9,1656.89,1656.89,0.0,Active,,1,39
ECO01298,2026-04-20,Logistics,Canada,Medium,151,Professional,99,Monthly,Paid Search,20,10.4,4.0,93.3,8615.4,8902.35,-3.33,Active,,5,495
ECO01299,2025-03-14,Professional Services,Germany,Large,1193,Starter,39,Monthly,Outbound Sales,17,5.0,2.0,77.2,35948.92,36422.04,-1.32,Churned,2025-06-30,4,156
ECO01300,2026-01-15,Logistics,India,Micro,19,Starter,39,Monthly,Outbound Sales,20,9.1,3.8,86.7,1000.68,1007.36,-0.67,Active,,8,312
ECO01301,2026-04-27,Manufacturing,UK,Micro,15,Business,249,Annual,Partner,17,9.0,3.4,88.4,1056.76,1009.94,4.43,Active,,5,1245
ECO01302,2026-05-03,Hospitality,India,Small,62,Business,249,Monthly,Paid Search,20,9.5,2.8,88.5,2874.25,2749.72,4.33,Active,,4,996
ECO01303,2025-03-12,Education,India,Small,57,Business,249,Monthly,Partner,17,8.9,3.6,87.8,1455.31,1496.26,-2.81,Active,,18,4482
ECO01304,2025-09-09,Logistics,UK,Small,27,Starter,39,Annual,Partner,17,7.8,3.2,83.5,1521.34,1453.63,4.45,Active,,12,468
ECO01305,2026-04-19,Technology,India,Medium,122,Business,249,Annual,Outbound Sales,19,11.8,3.4,90.9,3974.27,3725.54,6.26,Active,,5,1245
ECO01306,2026-05-04,Retail,France,Small,37,Starter,39,Monthly,LinkedIn,19,6.3,2.7,77.7,1302.4,1287.55,1.14,Churned,2026-07-31,3,117
ECO01307,2025-10-07,Manufacturing,UK,Small,64,Professional,99,Monthly,Organic Search,18,8.6,2.5,81.4,4490.75,4589.99,-2.21,Churned,2026-05-31,8,792
ECO01308,2026-05-18,Hospitality,India,Small,78,Starter,39,Monthly,Paid Search,20,8.5,3.5,86.5,3561.0,3380.56,5.07,Active,,4,156
ECO01309,2026-06-21,Retail,France,Small,37,Professional,99,Monthly,Paid Search,11,12.0,4.3,96.7,1231.69,1312.53,-6.56,Active,,3,297
ECO01310,2024-10-02,Technology,USA,Small,44,Enterprise,699,Annual,Organic Search,21,9.8,3.0,86.8,1523.27,1316.87,13.55,Active,,23,16077
ECO01311,2026-02-08,Logistics,Germany,Medium,188,Business,249,Monthly,Outbound Sales,12,8.4,2.7,86.8,10928.01,10743.52,1.69,Active,,7,1743
ECO01312,2026-07-18,Professional Services,UK,Small,54,Business,249,Annual,Outbound Sales,13,11.0,3.0,96.8,1688.42,1790.3,-6.03,Active,,2,498
ECO01313,2026-04-14,Professional Services,USA,Large,603,Business,249,Monthly,Organic Search,10,9.8,2.4,84.8,21773.6,19954.82,8.35,Active,,5,1245
ECO01314,2024-07-15,Hospitality,USA,Small,74,Starter,39,Monthly,Paid Search,17,9.8,3.0,88.0,2852.69,2564.06,10.12,Active,,26,1014
ECO01315,2025-09-05,Retail,Netherlands,Micro,9,Starter,39,Annual,Referral,29,11.5,4.3,95.0,332.16,308.67,7.07,Active,,12,468
ECO01316,2026-05-21,Retail,India,Medium,173,Professional,99,Monthly,Outbound Sales,15,12.5,4.5,92.2,6365.29,6199.44,2.61,Active,,4,396
ECO01317,2024-01-01,Education,UK,Small,66,Professional,99,Annual,Outbound Sales,15,10.9,3.7,94.0,2068.75,2067.25,0.07,Active,,32,3168
ECO01318,2026-05-15,Manufacturing,UK,Micro,11,Starter,39,Monthly,Referral,10,7.5,3.0,80.2,680.96,671.7,1.36,Active,,4,156
ECO01319,2026-03-24,Logistics,UK,Small,73,Starter,39,Annual,Partner,20,11.8,4.0,95.8,3915.02,3974.85,-1.53,Active,,6,234
ECO01320,2024-04-25,Hospitality,UK,Large,1197,Enterprise,699,Monthly,Organic Search,14,11.7,4.0,94.4,52555.14,52922.77,-0.7,Active,,29,20271
ECO01321,2025-08-12,Technology,France,Large,779,Business,249,Monthly,Organic Search,14,9.5,3.0,88.3,23167.05,20776.85,10.32,Churned,2026-05-31,10,2490
ECO01322,2024-04-11,Manufacturing,Canada,Micro,6,Professional,99,Annual,Referral,16,11.9,4.4,95.5,401.74,386.89,3.7,Active,,29,2871
ECO01323,2025-12-21,Professional Services,UK,Medium,199,Professional,99,Monthly,Partner,28,11.0,3.3,89.0,5967.42,5757.09,3.52,Churned,2026-02-28,3,297
ECO01324,2024-09-26,Education,UK,Medium,116,Starter,39,Annual,Paid Search,11,10.6,3.5,93.1,3420.54,3091.27,9.63,Active,,24,936
ECO01325,2026-02-12,Professional Services,Germany,Small,78,Professional,99,Monthly,Referral,20,8.1,2.3,85.6,2312.64,2347.27,-1.5,Active,,7,693
ECO01326,2025-08-17,Retail,Germany,Medium,204,Enterprise,699,Monthly,Paid Search,21,9.7,3.3,90.9,6231.98,6434.48,-3.25,Active,,13,9087
ECO01327,2026-05-18,Manufacturing,USA,Medium,163,Professional,99,Monthly,Outbound Sales,8,12.5,4.8,93.7,11668.88,11513.45,1.33,Active,,4,396
ECO01328,2024-08-01,Retail,India,Large,536,Business,249,Monthly,LinkedIn,19,12.1,3.8,95.5,20969.68,19814.9,5.51,Active,,25,6225
ECO01329,2026-03-07,Professional Services,UK,Large,658,Starter,39,Monthly,Organic Search,20,12.2,3.5,92.3,19242.54,21439.81,-11.42,Active,,6,234
ECO01330,2024-07-17,Manufacturing,USA,Micro,19,Professional,99,Monthly,Organic Search,8,12.4,3.8,94.6,1231.92,1225.84,0.49,Churned,2025-04-30,10,990
ECO01331,2026-07-05,Professional Services,France,Small,48,Professional,99,Monthly,Organic Search,7,12.5,2.5,97.9,1564.39,1375.49,12.07,Active,,2,198
ECO01332,2025-12-13,Manufacturing,USA,Large,1081,Enterprise,699,Monthly,Referral,14,11.1,3.6,95.1,81623.11,75035.16,8.07,Active,,9,6291
ECO01333,2025-06-02,Manufacturing,Canada,Medium,275,Professional,99,Monthly,Paid Search,20,11.1,4.2,94.4,17381.76,16948.73,2.49,Active,,15,1485
ECO01334,2025-03-15,Professional Services,USA,Small,70,Starter,39,Annual,Referral,18,8.1,3.1,83.6,2030.8,1792.21,11.75,Active,,18,702
ECO01335,2025-04-10,Logistics,Netherlands,Medium,247,Starter,39,Monthly,Referral,12,11.7,3.4,95.4,14039.01,12950.18,7.76,Churned,2025-12-31,9,351
ECO01336,2025-10-03,Education,USA,Medium,198,Starter,39,Monthly,LinkedIn,20,11.9,3.8,95.3,5654.02,5712.14,-1.03,Active,,11,429
ECO01337,2024-01-15,Logistics,UK,Micro,7,Business,249,Monthly,LinkedIn,14,12.0,3.7,95.3,390.83,342.88,12.27,Churned,2025-08-31,20,4980
ECO01338,2025-12-06,Logistics,France,Medium,150,Enterprise,699,Monthly,Referral,14,11.7,4.4,94.2,7538.19,6737.17,10.63,Active,,9,6291
ECO01339,2024-07-19,Hospitality,UK,Micro,18,Professional,99,Monthly,Outbound Sales,14,10.8,3.1,91.8,799.11,724.8,9.3,Active,,26,2574
ECO01340,2025-07-01,Logistics,UK,Micro,8,Professional,99,Annual,Organic Search,19,10.1,2.7,87.7,397.09,387.7,2.36,Active,,14,1386
ECO01341,2026-01-06,Technology,France,Micro,18,Starter,39,Monthly,Organic Search,21,12.4,4.1,94.6,597.99,606.63,-1.44,Active,,8,312
ECO01342,2025-08-12,Technology,Germany,Medium,151,Starter,39,Monthly,LinkedIn,18,9.9,2.8,90.2,4396.78,4047.22,7.95,Churned,2026-03-31,8,312
ECO01343,2025-05-13,Manufacturing,UK,Medium,102,Starter,39,Monthly,LinkedIn,21,10.8,3.8,93.8,7211.56,6104.74,15.35,Active,,16,624
ECO01344,2024-10-20,Technology,UK,Micro,16,Business,249,Annual,Outbound Sales,19,10.8,3.6,91.4,468.44,431.87,7.81,Active,,23,5727
ECO01345,2024-12-01,Education,UK,Large,462,Business,249,Monthly,LinkedIn,25,9.7,3.7,91.1,13332.32,13160.84,1.29,Churned,2025-12-31,13,3237
ECO01346,2024-12-22,Retail,India,Medium,195,Enterprise,699,Annual,LinkedIn,13,5.8,1.8,78.5,6843.64,5922.36,13.46,Active,,21,14679
ECO01347,2024-12-16,Hospitality,India,Micro,9,Professional,99,Monthly,Outbound Sales,11,9.5,2.7,90.4,375.88,284.92,24.2,Active,,21,2079
ECO01348,2026-08-26,Hospitality,UK,Micro,16,Professional,99,Annual,LinkedIn,11,11.0,5.0,92.9,706.5,706.5,0.0,Active,,1,99
ECO01349,2025-07-14,Hospitality,UK,Small,61,Starter,39,Monthly,Organic Search,16,8.9,2.6,87.5,2534.2,2439.35,3.74,Active,,14,546
ECO01350,2026-02-07,Retail,Canada,Medium,254,Professional,99,Monthly,Referral,21,12.0,3.9,96.2,9867.79,9528.12,3.44,Active,,7,693
ECO01351,2024-03-09,Retail,UK,Small,58,Starter,39,Monthly,Organic Search,13,12.0,3.9,96.0,1936.57,1750.25,9.62,Active,,30,1170
ECO01352,2024-10-07,Retail,Germany,Small,52,Business,249,Monthly,Referral,12,8.6,3.0,84.0,1845.34,1738.3,5.8,Churned,2025-10-31,13,3237
ECO01353,2024-07-03,Professional Services,USA,Small,44,Business,249,Monthly,Paid Search,28,9.9,3.3,89.7,1176.53,1179.7,-0.27,Active,,26,6474
ECO01354,2024-11-20,Hospitality,India,Medium,211,Business,249,Annual,Paid Search,16,10.9,3.3,92.4,9976.05,8945.18,10.33,Active,,22,5478
ECO01355,2026-02-26,Education,UK,Medium,231,Business,249,Annual,Partner,18,12.1,3.6,99.0,7219.14,6864.4,4.91,Active,,7,1743
ECO01356,2024-01-25,Technology,USA,Medium,212,Starter,39,Annual,LinkedIn,15,8.7,2.8,86.0,5439.06,5116.96,5.92,Active,,32,1248
ECO01357,2024-07-17,Logistics,Australia ,Micro,15,Starter,39,Annual,Paid Search,17,12.0,3.7,96.2,830.19,839.16,-1.08,Active,,26,1014
ECO01358,2024-07-04,Healthcare,USA,Micro,7,Starter,39,Annual,Referral,24,10.8,3.5,92.1,282.65,257.85,8.77,Active,,26,1014
ECO01359,2025-12-01,Technology,USA,Micro,9,Starter,39,Monthly,Organic Search,12,9.4,3.3,91.0,254.08,235.86,7.17,Active,,9,351
ECO01360,2025-06-06,Manufacturing,UK,Small,45,Enterprise,699,Annual,LinkedIn,24,8.2,2.7,85.8,2929.45,2678.27,8.57,Active,,15,10485
ECO01361,2025-10-12,Manufacturing,UK,Medium,216,Professional,99,Annual,Outbound Sales,15,11.0,4.1,90.7,13792.73,12747.69,7.58,Active,,11,1089
ECO01362,2025-08-14,Hospitality,USA,Micro,7,Professional,99,Monthly,Referral,13,11.0,4.3,91.4,291.32,290.75,0.2,Churned,2026-04-30,9,891
ECO01363,2024-05-16,Healthcare,USA,Small,53,Professional,99,Monthly,Partner,15,10.8,3.9,92.7,2492.28,2318.78,6.96,Active,,28,2772
ECO01364,2024-10-16,Healthcare,France,Medium,237,Starter,39,Monthly,Paid Search,17,9.9,3.4,90.5,10643.96,10146.69,4.67,Active,,23,897
ECO01365,2025-10-20,Retail,Australia,Micro,5,Starter,39,Monthly,LinkedIn,18,9.0,3.9,91.1,155.08,152.37,1.75,Active,,11,429
ECO01366,2026-04-06,Hospitality,France,Micro,6,Professional,99,Monthly,,19,11.0,3.8,89.4,247.32,234.61,5.14,Active,,5,495
ECO01367,2025-06-11,Hospitality,UK,Small,79,Starter,39,Annual,Partner,20,12.1,3.8,94.4,3551.38,3248.26,8.54,Active,,15,585
ECO01368,2024-12-08,Manufacturing,France,Micro,13,Professional,99,Annual,LinkedIn,17,12.6,4.1,95.2,862.17,843.5,2.17,Active,,21,2079
ECO01369,2024-05-06,Manufacturing,Netherlands,Micro,11,Professional,99,Annual,Organic Search,20,12.2,4.1,95.9,731.98,628.66,14.12,Active,,28,2772
ECO01370,2026-04-07,Professional Services,India,Small,33,Professional,99,Annual,Partner,27,11.0,2.8,95.1,1095.43,1015.39,7.31,Active,,5,495
ECO01371,2025-07-26,Manufacturing,USA,Small,67,Starter,39,Monthly,Outbound Sales,13,10.6,4.0,90.6,4493.59,4526.63,-0.74,Churned,2026-01-31,7,273
ECO01372,2025-01-27,Retail,India,Medium,288,Starter,39,Monthly,Outbound Sales,11,9.2,3.7,90.2,10495.97,8895.5,15.25,Active,,20,780
ECO01373,2024-03-10,Hospitality,Netherlands,Small,55,Starter,39,Annual,Outbound Sales,13,4.2,1.0,80.0,2185.85,2266.25,-3.68,Churned,2024-08-31,6,234
ECO01374,2024-01-11,Hospitality,USA,Micro,13,Starter,39,Annual,Referral,20,8.3,3.0,84.5,537.66,563.69,-4.84,Churned,2024-03-31,3,117
ECO01375,2024-07-15,Technology,Germany,Small,55,Starter,39,Monthly,LinkedIn,10,9.8,2.5,86.5,1418.2,1420.65,-0.17,Churned,2024-10-31,4,156
ECO01376,2025-09-22,Logistics,Canada,Small,50,Professional,99,Annual,Organic Search,7,10.9,3.5,93.6,2790.77,2812.51,-0.78,Active,,12,1188
ECO01377,2025-02-10,Logistics,USA,Micro,19,Starter,39,Annual,Paid Search,16,10.3,2.5,88.2,1009.92,972.86,3.67,Active,,19,741
ECO01378,2025-04-02,Education,UK,Large,483,Business,249,Monthly,LinkedIn,27,11.4,4.1,95.7,17167.11,15256.1,11.13,Active,,17,4233
ECO01379,2025-09-19,Education,France,Small,66,Professional,99,Monthly,Referral,22,10.6,3.2,91.2,1894.0,1926.09,-1.69,Active,,12,1188
ECO01380,2026-07-24,Manufacturing,USA,Medium,229,Starter,39,Monthly,Outbound Sales,16,12.5,2.5,82.8,13429.21,13728.45,-2.23,Active,,2,78
ECO01381,2024-02-13,Professional Services,UK,Small,67,Professional,99,Monthly,Paid Search,18,10.3,3.4,90.6,1995.73,1861.72,6.71,Active,,31,3069
ECO01382,2025-03-23,Technology,India,Micro,5,Starter,39,Monthly,Referral,25,7.5,2.7,82.6,151.81,145.58,4.1,Churned,2025-12-31,10,390
ECO01383,2025-12-14,Professional Services,France,Large,351,Business,249,Monthly,Outbound Sales,20,9.9,3.4,89.1,9838.3,10174.23,-3.41,Active,,9,2241
ECO01384,2024-08-08,Technology,USA,Small,58,Enterprise,699,Monthly,LinkedIn,16,12.6,3.9,95.6,1647.89,1495.4,9.25,Active,,25,17475
ECO01385,2024-11-22,Manufacturing,USA,Small,64,Starter,39,Monthly,Partner,15,8.9,2.9,88.1,4338.4,4436.92,-2.27,Churned,2026-01-31,15,585
ECO01386,2025-01-04,Healthcare,France,Small,25,Starter,39,Monthly,Paid Search,8,9.4,3.6,91.6,982.56,969.95,1.28,Churned,2025-12-31,12,468
ECO01387,2026-06-08,Technology,UK,Small,56,Professional,99,Annual,Organic Search,29,10.7,2.7,90.5,1762.86,1782.03,-1.09,Active,,3,297
ECO01388,2024-06-26,Retail,Netherlands,Medium,168,Starter,39,Monthly,Referral,8,10.4,3.5,92.0,5170.33,5267.12,-1.87,Churned,2025-12-31,19,741
ECO01389,2026-06-24,Hospitality,Australia,Small,72,Professional,99,Annual,Referral,14,11.7,5.0,96.5,3370.43,3253.92,3.46,Active,,3,297
ECO01390,2025-03-03,Healthcare,USA,Small,44,Starter,39,Annual,Referral,19,9.9,3.2,89.4,1709.08,1672.15,2.16,Active,,18,702
ECO01391,2024-04-18,Manufacturing,France,Small,52,Starter,39,Annual,Outbound Sales,21,5.6,2.0,80.4,3960.48,3664.66,7.47,Churned,2025-01-31,10,390
ECO01392,2026-07-27,Technology,Australia,Micro,11,Professional,99,Annual,LinkedIn,17,9.0,4.0,87.2,388.4,351.03,9.62,Active,,2,198
ECO01393,2024-03-15,Hospitality,France,Small,51,Professional,99,Annual,Organic Search,19,11.3,3.6,92.5,1829.1,1690.97,7.55,Active,,30,2970
ECO01394,2024-03-19,Hospitality,USA,Medium,289,Starter,39,Monthly,Organic Search,15,10.3,3.3,88.0,11682.86,11517.3,1.42,Churned,2025-11-30,21,819
ECO01395,2025-12-26,Healthcare,USA,Micro,9,Starter,39,Monthly,Partner,11,10.2,3.4,90.2,367.01,352.35,3.99,Active,,9,351
ECO01396,2026-07-02,Professional Services,USA,Micro,18,Professional,99,Annual,LinkedIn,23,8.0,2.5,88.4,518.12,505.82,2.37,Active,,2,198
ECO01397,2024-05-02,Healthcare,UK,Medium,219,Business,249,Monthly,Organic Search,11,6.2,2.7,83.0,9567.38,8731.79,8.73,Churned,2025-12-31,20,4980
ECO01398,2024-01-17,Professional Services,France,Medium,155,Starter,39,Monthly,Outbound Sales,11,11.6,3.8,94.4,5002.42,5085.13,-1.65,Churned,2026-06-30,30,1170
ECO01399,2025-07-08,Retail,India,Micro,9,Professional,99,Monthly,LinkedIn,15,10.9,3.6,92.6,328.51,311.3,5.24,Active,,14,1386
ECO01400,2025-12-25,Hospitality,USA,Small,55,Professional,99,Monthly,Organic Search,15,12.8,4.2,97.2,2360.31,2339.43,0.88,Churned,2026-07-31,8,792
ECO01401,2026-05-15,Manufacturing,Netherlands,Micro,19,Professional,99,Annual,Partner,15,11.0,3.2,96.1,1256.94,1283.48,-2.11,Active,,4,396
ECO01402,2025-02-12,Logistics,Canada,Small,74,Professional,99,Monthly,LinkedIn,14,7.6,3.0,87.5,4071.12,4036.17,0.86,Churned,2026-05-31,16,1584
ECO01403,2024-09-03,Manufacturing,France,Medium,231,Starter,39,Annual,Paid Search,23,12.2,4.5,96.2,16365.68,14952.33,8.64,Active,,24,936
ECO01404,2024-03-22,Technology,UK,Small,50,Enterprise,699,Monthly,Organic Search,19,7.6,2.5,89.1,1385.38,1254.19,9.47,Churned,2025-07-31,17,11883
ECO01405,2026-08-04,Manufacturing,Australia,Large,404,Business,249,Annual,Partner,8,9.0,4.0,88.7,27297.65,27297.65,0.0,Active,,1,249
ECO01406,2024-05-14,Manufacturing,India,Small,27,Professional,99,Monthly,LinkedIn,19,10.5,3.6,94.5,1733.62,1693.14,2.33,Churned,2025-03-31,11,1089
ECO01407,2025-12-07,Manufacturing,Netherlands,Small,71,Business,249,Annual,LinkedIn,18,12.2,4.7,96.5,4827.44,4537.8,6.0,Active,,9,2241
ECO01408,2024-02-07,Hospitality,Netherlands,Medium,157,Professional,99,Monthly,LinkedIn,23,11.7,3.7,94.0,7735.98,6944.19,10.24,Active,,31,3069
ECO01409,2025-02-10,Hospitality,UK,Medium,290,Business,249,Annual,Paid Search,18,11.4,3.6,92.3,12175.41,10208.83,16.15,Active,,19,4731
ECO01410,2025-03-21,Technology,Germany,Small,61,Professional,99,Monthly,Organic Search,12,10.6,3.3,93.9,1727.03,1659.7,3.9,Active,,18,1782
ECO01411,2026-05-26,Hospitality,UK,Small,25,Starter,39,Annual,LinkedIn,12,8.8,2.2,82.0,1123.01,1151.29,-2.52,Active,,4,156
ECO01412,2024-03-09,Retail,Australia,Micro,16,Starter,39,Annual,Paid Search,14,10.8,3.8,92.9,492.93,499.28,-1.29,Churned,2024-10-31,8,312
ECO01413,2025-05-04,Professional Services,France,Large,488,Business,249,Monthly,Outbound Sales,22,4.4,1.7,78.3,14935.31,14807.19,0.86,Churned,2026-03-31,11,2739
ECO01414,2025-08-21,Logistics,UK,Small,55,Professional,99,Monthly,Paid Search,20,11.7,3.8,93.2,3170.06,3065.74,3.29,Active,,13,1287
ECO01415,2025-05-06,Professional Services,Netherlands,Small,60,Starter,39,Annual,Referral,21,12.4,3.4,95.4,2079.19,2050.9,1.36,Active,,16,624
ECO01416,2026-06-16,Retail,USA,Large,340,Enterprise,699,Monthly,LinkedIn,17,10.0,4.0,86.8,11796.23,12866.93,-9.08,Active,,3,2097
ECO01417,2024-04-12,Retail,Germany,Medium,196,Business,249,Monthly,Partner,16,7.0,2.2,81.9,7153.71,7189.2,-0.5,Active,,29,7221
ECO01418,2025-08-15,Education,Germany,Small,45,Starter,39,Monthly,Organic Search,15,10.6,3.9,89.6,1461.24,1217.76,16.66,Churned,2026-04-30,9,351
ECO01419,2026-04-10,Technology,USA,Micro,13,Starter,39,Annual,Outbound Sales,12,12.2,3.8,96.8,411.64,422.8,-2.71,Active,,5,195
ECO01420,2026-08-17,Healthcare,France,Small,33,Starter,39,Annual,Referral,24,15.0,2.0,87.9,1599.92,1599.92,0.0,Active,,1,39
ECO01421,2024-08-21,Technology,UK,Small,22,Business,249,Annual,Organic Search,25,11.4,3.5,90.6,651.38,641.44,1.53,Churned,2026-05-31,22,5478
ECO01422,2026-03-24,Hospitality,Australia,Small,31,Professional,99,Monthly,Outbound Sales,22,9.8,2.7,85.4,1384.7,1293.36,6.6,Active,,6,594
ECO01423,2025-09-06,Retail,Germany,Micro,11,Professional,99,Monthly,Referral,22,6.2,2.3,79.8,401.25,374.23,6.73,Active,,12,1188
ECO01424,2025-01-26,Hospitality,UK,Micro,6,Business,249,Monthly,Paid Search,16,11.0,3.8,93.7,257.16,244.54,4.91,Active,,20,4980
ECO01425,2025-01-19,Professional Services,France,Small,26,Professional,99,Monthly,LinkedIn,15,9.0,2.9,88.5,641.76,595.87,7.15,Churned,2026-07-31,19,1881
ECO01426,2025-12-07,Professional Services,USA,Small,41,Starter,39,Annual,Outbound Sales,21,11.4,3.7,92.7,1103.39,1067.1,3.29,Active,,9,351
ECO01427,2025-08-15,Technology,UK,Medium,270,Starter,39,Monthly,Referral,14,8.0,4.0,87.5,7769.46,8107.01,-4.34,Churned,2025-11-30,4,156
ECO01428,2024-04-20,Education,Australia,Small,46,Business,249,Annual,Organic Search,7,11.0,4.0,91.9,1391.23,1316.25,5.39,Active,,29,7221
ECO01429,2025-09-09,Manufacturing,France,Small,28,Enterprise,699,Monthly,Referral,8,9.3,3.3,84.3,1791.6,1659.89,7.35,Active,,12,8388
ECO01430,2026-07-27,Professional Services,Germany,Micro,12,Professional,99,Annual,Paid Search,18,9.5,3.5,85.4,432.5,417.47,3.48,Active,,2,198
ECO01431,2025-06-09,Technology,USA,Small,21,Professional,99,Monthly,LinkedIn,11,10.7,3.8,94.9,637.59,557.81,12.51,Active,,15,1485
ECO01432,2025-03-18,Professional Services,UK,Small,20,Starter,39,Monthly,LinkedIn,19,11.6,3.9,94.6,628.85,627.26,0.25,Active,,18,702
ECO01433,2026-02-17,Technology,Germany,Small,28,Professional,99,Annual,LinkedIn,22,9.4,2.9,87.1,835.98,787.29,5.82,Active,,7,693
ECO01434,2024-10-09,Manufacturing,UK,Large,1059,Business,249,Annual,Outbound Sales,15,11.2,4.0,95.1,75838.12,70505.47,7.03,Active,,23,5727
ECO01435,2026-08-07,Hospitality,France,Small,59,Professional,99,Annual,Organic Search,21,8.0,2.0,74.1,2677.02,2677.02,0.0,Active,,1,99
ECO01436,2024-12-07,Technology,Netherlands,Medium,213,Enterprise,699,Monthly,Outbound Sales,12,9.9,3.7,89.6,6471.1,5905.87,8.73,Churned,2026-01-31,14,9786
ECO01437,2026-03-04,Manufacturing,India,Medium,225,Starter,39,Monthly,Paid Search,18,10.6,3.2,85.6,16098.28,15885.88,1.32,Churned,2026-07-31,5,195
ECO01438,2024-04-10,Technology,India,Small,24,Professional,99,Annual,LinkedIn,13,12.6,4.2,96.3,686.71,693.56,-1.0,Churned,2025-04-30,13,1287
ECO01439,2025-05-05,Logistics,USA,Large,760,Business,249,Monthly,LinkedIn,29,10.5,3.1,88.1,36193.76,33791.46,6.64,Active,,16,3984
ECO01440,2024-07-09,Technology,Canada,Micro,17,Business,249,Monthly,Outbound Sales,20,9.0,2.8,82.6,548.94,515.85,6.03,Churned,2024-12-31,6,1494
ECO01441,2024-09-11,Manufacturing,USA,Micro,19,Starter,39,Annual,LinkedIn,19,11.9,4.0,94.1,1267.78,1132.13,10.7,Active,,24,936
ECO01442,2024-01-04,Manufacturing,UK,Micro,14,Starter,39,Annual,Referral,19,12.9,3.9,95.5,1060.79,995.46,6.16,Active,,32,1248
ECO01443,2024-10-23,Logistics,France,Small,33,Professional,99,Annual,Outbound Sales,27,10.5,3.1,89.3,1714.91,1708.78,0.36,Active,,23,2277
ECO01444,2024-07-22,Hospitality,UK,Medium,224,Starter,39,Monthly,Referral,27,5.2,2.2,78.9,9583.26,9349.75,2.44,Churned,2026-06-30,24,936
ECO01445,2025-10-24,Manufacturing,Germany,Large,734,Business,249,Annual,Organic Search,13,8.5,3.3,89.4,50361.3,47917.86,4.85,Active,,11,2739
ECO01446,2024-09-20,Manufacturing,Netherlands,Micro,6,Business,249,Annual,Outbound Sales,14,11.5,3.8,93.7,443.42,421.16,5.02,Active,,24,5976
ECO01447,2025-09-14,Retail,UK,Small,61,Business,249,Monthly,Referral,17,9.5,4.1,90.1,2454.84,2166.61,11.74,Active,,12,2988
ECO01448,2026-06-23,Technology,UK,Micro,8,Business,249,Annual,Partner,25,10.0,4.0,88.3,263.62,254.29,3.54,Active,,3,747
ECO01449,2025-12-25,Technology,France,Micro,16,Starter,39,Monthly,Referral,9,12.3,3.7,95.0,499.31,469.01,6.07,Active,,9,351
ECO01450,2024-06-05,Hospitality,Netherlands,Small,70,Professional,99,Annual,Paid Search,18,10.3,3.4,92.8,2931.93,2563.79,12.56,Active,,27,2673
ECO01451,2025-06-23,Technology,USA,Medium,83,Professional,99,Annual,Organic Search,20,11.7,4.3,94.1,2222.39,2093.43,5.8,Active,,15,1485
ECO01452,2026-06-07,Logistics,UK,Small,21,Starter,39,Annual,LinkedIn,19,6.7,2.7,83.7,924.68,977.27,-5.69,Active,,3,117
ECO01453,2024-02-16,Education,UK,Small,77,Enterprise,699,Monthly,Paid Search,26,8.8,3.2,87.6,2190.77,1990.51,9.14,Churned,2026-06-30,29,20271
ECO01454,2025-09-03,Manufacturing,UK,Small,46,Starter,39,Annual,LinkedIn,11,11.1,3.8,96.6,3171.31,2865.56,9.64,Active,,12,468
ECO01455,2025-04-11,Education,France,Small,48,Business,249,Monthly,Partner,18,7.9,3.2,86.6,1289.73,1322.98,-2.58,Active,,17,4233
ECO01456,2026-01-01,Hospitality,Australia,Small,47,Starter,39,Monthly,Partner,20,9.9,3.1,86.1,2340.31,2282.68,2.46,Active,,8,312
ECO01457,2025-06-04,Manufacturing,USA,Small,22,Business,249,Annual,Paid Search,23,9.2,2.7,84.6,1448.33,1355.25,6.43,Active,,15,3735
ECO01458,2025-07-11,Education,UK,Large,1092,Business,249,Monthly,Outbound Sales,13,11.2,2.9,92.8,34090.28,32728.09,4.0,Active,,14,3486
ECO01459,2024-11-27,Hospitality,Germany,Small,52,Starter,39,Monthly,Organic Search,19,11.7,3.6,94.0,2487.32,2106.87,15.3,Churned,2025-07-31,9,351
ECO01460,2024-05-15,Technology,India,Small,24,Starter,39,Annual,Outbound Sales,12,8.7,2.9,88.2,764.77,712.84,6.79,Churned,2025-11-30,19,741
ECO01461,2026-03-14,Healthcare,France,Small,55,Business,249,Annual,LinkedIn,22,10.5,3.5,94.9,2284.73,2139.07,6.38,Active,,6,1494
ECO01462,2026-05-01,Technology,UK,Large,642,Business,249,Annual,Referral,15,12.2,3.5,97.0,19614.13,19216.7,2.03,Active,,4,996
ECO01463,2026-06-12,Retail,France,Micro,6,Professional,99,Monthly,LinkedIn,14,12.0,3.7,94.1,204.67,203.93,0.36,Active,,3,297
ECO01464,2025-08-22,Manufacturing,UK,Small,56,Professional,99,Annual,Organic Search,15,13.1,4.2,95.4,3741.9,3822.41,-2.15,Churned,2026-07-31,12,1188
ECO01465,2026-02-26,Retail,UK,Micro,10,Starter,39,Monthly,Organic Search,22,8.4,3.9,88.9,337.12,311.74,7.53,Active,,7,273
ECO01466,2024-06-05,Professional Services,Germany,Small,28,Starter,39,Annual,Organic Search,21,11.7,3.9,95.2,847.11,815.96,3.68,Active,,27,1053
ECO01467,2025-09-06,Education,France,Micro,8,Starter,39,Monthly,Outbound Sales,23,9.4,3.4,88.5,266.26,254.64,4.36,Active,,12,468
ECO01468,2026-03-01,Healthcare,India,Small,22,Business,249,Monthly,LinkedIn,16,10.8,3.8,92.5,982.1,999.71,-1.79,Active,,6,1494
ECO01469,2026-08-13,Education,UK,Medium,293,Professional,99,Monthly,Referral,20,8.0,3.0,86.9,8335.91,8335.91,0.0,Active,,1,99
ECO01470,2024-09-19,Healthcare,UK,Small,34,Professional,99,Annual,Outbound Sales,5,5.6,2.0,78.1,1436.3,1396.63,2.76,Churned,2026-01-31,17,1683
ECO01471,2026-03-18,Manufacturing,France,Small,77,Professional,99,Monthly,Organic Search,15,9.7,3.3,86.0,5274.72,4856.01,7.94,Active,,6,594
ECO01472,2025-02-10,Technology,UK,Small,71,Starter,39,Annual,Organic Search,22,12.6,3.3,96.5,2228.85,2096.32,5.95,Churned,2025-08-31,7,273
ECO01473,2025-03-25,Healthcare,USA,Micro,6,Starter,39,Annual,LinkedIn,22,10.4,3.5,94.2,278.95,254.37,8.81,Active,,18,702
ECO01474,2024-11-03,Professional Services,Germany,Small,30,Starter,39,Monthly,Organic Search,7,9.2,3.0,88.7,910.45,877.87,3.58,Churned,2026-07-31,21,819
ECO01475,2026-06-13,Technology,USA,Micro,6,Starter,39,Monthly,Referral,21,11.0,3.3,94.0,190.39,189.53,0.45,Active,,3,117
ECO01476,2026-06-13,Technology,France,Medium,160,Starter,39,Monthly,Partner,17,9.7,3.0,92.8,4820.58,4606.7,4.44,Active,,3,117
ECO01477,2025-04-16,Manufacturing,UK,Micro,18,Business,249,Annual,Organic Search,23,11.4,3.4,96.8,1155.51,1182.47,-2.33,Active,,17,4233
ECO01478,2026-01-12,Professional Services,Netherlands,Small,22,Starter,39,Annual,Organic Search,18,11.8,3.8,94.4,639.37,700.76,-9.6,Active,,8,312
ECO01479,2024-09-10,Technology,Australia,Small,31,Starter,39,Monthly,Referral,12,12.1,4.2,96.1,1102.21,1050.63,4.68,Churned,2025-05-31,9,351
ECO01480,2025-12-18,Manufacturing,UK,Small,61,Starter,39,Annual,Organic Search,13,8.6,2.8,82.1,4207.92,3988.75,5.21,Active,,9,351
ECO01481,2025-05-15,Retail,Germany,Medium,221,Starter,39,Monthly,Referral,20,12.1,3.9,95.3,7125.42,7128.32,-0.04,Active,,16,624
ECO01482,2025-12-23,Professional Services,Australia,Micro,17,Business,249,Monthly,Paid Search,25,11.7,4.1,96.1,551.05,478.86,13.1,Active,,9,2241
ECO01483,2025-11-21,Manufacturing,India,Small,28,Business,249,Annual,Referral,20,9.4,3.0,90.7,1819.92,1746.15,4.05,Active,,10,2490
ECO01484,2026-06-09,Healthcare,USA,Medium,168,Starter,39,Annual,LinkedIn,27,13.7,4.0,92.9,7465.44,7108.4,4.78,Active,,3,117
ECO01485,2025-02-17,Retail,Australia,Medium,91,Starter,39,Annual,Partner,18,9.7,2.9,88.8,3509.49,3201.29,8.78,Active,,19,741
ECO01486,2026-03-23,Retail,UK,Small,38,Starter,39,Annual,LinkedIn,16,11.2,4.5,96.8,1343.96,1267.01,5.73,Active,,6,234
ECO01487,2026-03-19,Retail,France,Small,59,Business,249,Annual,LinkedIn,27,10.3,3.2,86.6,2125.61,2062.55,2.97,Active,,6,1494
ECO01488,2024-04-02,Technology,UK,Micro,15,Business,249,Annual,Outbound Sales,16,8.8,3.0,87.0,416.65,396.0,4.96,Active,,29,7221
ECO01489,2025-08-13,Manufacturing,France,Medium,268,Professional,99,Monthly,Outbound Sales,15,10.9,3.1,90.6,20102.07,19526.02,2.87,Active,,13,1287
ECO01490,2025-02-16,Retail,Canada,Micro,8,Professional,99,Monthly,Paid Search,8,9.6,3.2,89.5,266.83,221.43,17.01,Churned,2026-08-31,19,1881
ECO01491,2025-01-22,Technology,USA,Small,33,Starter,39,Annual,Outbound Sales,20,11.6,3.8,94.3,974.51,1043.02,-7.03,Active,,20,780
ECO01492,2025-02-09,Manufacturing,UK,Medium,266,Professional,99,Annual,Outbound Sales,15,6.6,2.2,78.0,20178.31,17293.74,14.3,Active,,19,1881
ECO01493,2025-03-22,Professional Services,Canada,Small,71,Business,249,Annual,Organic Search,16,9.8,3.2,88.5,1859.86,1806.0,2.9,Active,,18,4482
ECO01494,2026-05-09,Healthcare,India,Medium,287,Professional,99,Monthly,Partner,22,12.2,3.8,92.8,11750.4,11700.06,0.43,Active,,4,396
ECO01495,2026-03-06,Healthcare,Australia ,Small,51,Enterprise,699,Annual,LinkedIn,20,11.2,4.3,97.4,2322.24,2189.25,5.73,Active,,6,4194
ECO01496,2025-09-22,Technology,India,Small,36,Starter,39,Monthly,Paid Search,16,12.7,4.3,96.6,1090.85,1070.0,1.91,Churned,2025-11-30,3,117
ECO01497,2025-06-10,Technology,Germany,Large,750,Starter,39,Monthly,Organic Search,10,8.3,3.7,93.1,22784.36,21222.23,6.86,Churned,2025-08-31,3,117
ECO01498,2026-05-15,Retail,UK,Small,55,Business,249,Annual,Referral,18,13.8,4.5,97.2,2085.45,1870.73,10.3,Active,,4,996
ECO01499,2024-10-02,Healthcare,USA,Small,71,Professional,99,Annual,LinkedIn,15,11.7,3.6,96.0,3624.7,3187.82,12.05,Active,,23,2277
ECO01500,2025-01-17,Manufacturing,Netherlands,Medium,290,Starter,39,Monthly,Partner,16,7.2,2.2,82.4,21517.02,17562.05,18.38,Active,,20,780
ECO01501,2025-08-14,Education,UK,Small,25,Professional,99,Monthly,Organic Search,15,11.6,4.0,93.8,829.2,772.55,6.83,Active,,13,1287
ECO01502,2026-08-05,Technology,Germany,Micro,16,Professional,99,Monthly,Outbound Sales,6,10.0,2.0,93.5,490.67,490.67,0.0,Active,,1,99
ECO01503,2024-07-26,Hospitality,Canada,Micro,19,Professional,99,Monthly,Outbound Sales,24,12.0,4.6,94.3,711.24,717.06,-0.82,Churned,2025-01-31,7,693
ECO01504,2024-02-18,Logistics,Netherlands,Small,69,Business,249,Annual,Paid Search,18,11.8,3.6,93.6,3515.87,3285.07,6.56,Churned,2025-09-30,20,4980
ECO01505,2026-03-12,Hospitality,France,Medium,254,Business,249,Annual,Organic Search,17,12.8,3.3,95.5,9872.99,10141.92,-2.72,Active,,6,1494
ECO01506,2025-12-01,Education,USA,Medium,118,Professional,99,Monthly,Partner,14,9.2,2.9,84.7,3573.69,3654.41,-2.26,Active,,9,891
ECO01507,2024-10-02,Manufacturing,Germany,Small,32,Professional,99,Monthly,LinkedIn,21,7.6,2.6,86.7,2061.85,1853.97,10.08,Churned,2025-04-30,7,693
ECO01508,2025-07-07,Technology,USA,Medium,88,Business,249,Monthly,Paid Search,18,12.3,3.9,94.2,2734.91,2300.23,15.89,Churned,2026-08-31,14,3486
ECO01509,2025-05-22,Healthcare,Germany,Micro,7,Business,249,Monthly,Referral,16,9.1,3.4,86.8,372.31,347.92,6.55,Active,,16,3984
ECO01510,2025-08-01,Retail,UK,Medium,144,Starter,39,Monthly,Outbound Sales,22,11.2,4.1,95.8,5237.52,4896.98,6.5,Churned,2026-07-31,12,468
ECO01511,2025-09-04,Hospitality,Germany,Small,61,Starter,39,Annual,LinkedIn,19,11.5,4.0,94.8,2448.65,2297.82,6.16,Churned,2026-07-31,11,429
ECO01512,2026-01-06,Hospitality,USA,Micro,10,Starter,39,Monthly,Outbound Sales,21,11.8,2.8,97.2,419.71,378.95,9.71,Active,,8,312
ECO01513,2025-12-19,Technology,Netherlands,Large,712,Business,249,Annual,Referral,20,11.7,4.0,93.2,23164.34,20298.71,12.37,Active,,9,2241
ECO01514,2026-02-14,Retail,India,Micro,5,Starter,39,Monthly,Paid Search,21,11.0,3.3,94.3,202.35,187.03,7.57,Active,,7,273
ECO01515,2025-08-23,Hospitality,Netherlands,Large,645,Business,249,Monthly,LinkedIn,15,8.2,3.1,83.8,24056.17,22332.77,7.16,Active,,13,3237
ECO01516,2025-02-26,Retail,India,Small,32,Professional,99,Monthly,Outbound Sales,19,12.0,4.1,96.2,1153.83,1108.05,3.97,Active,,19,1881
ECO01517,2026-07-23,Manufacturing,Germany,Medium,222,Starter,39,Monthly,Organic Search,5,13.0,3.0,83.3,15467.17,16169.79,-4.54,Active,,2,78
ECO01518,2025-05-23,Technology,UK,Micro,9,Starter,39,Monthly,LinkedIn,16,9.5,3.5,90.9,275.78,257.18,6.74,Churned,2025-08-31,4,156
ECO01519,2025-04-05,Professional Services,UK,Medium,84,Starter,39,Annual,Paid Search,20,9.8,3.7,91.7,2764.08,2585.67,6.45,Active,,17,663
ECO01520,2025-04-09,Healthcare,USA,Small,44,Professional,99,Annual,Organic Search,20,12.0,4.1,92.3,1714.0,1614.18,5.82,Active,,17,1683
ECO01521,2026-04-03,Professional Services,UK,Small,22,Business,249,Annual,Referral,14,12.2,4.2,97.1,682.77,718.77,-5.27,Active,,5,1245
ECO01522,2025-04-12,Manufacturing,India,Micro,13,Starter,39,Monthly,Organic Search,11,7.2,3.2,90.0,885.78,887.21,-0.16,Churned,2025-07-31,4,156
ECO01523,2025-10-20,Retail,UK,Medium,281,Starter,39,Annual,Organic Search,22,13.5,4.4,96.1,10691.59,9481.4,11.32,Active,,11,429
ECO01524,2025-05-13,Manufacturing,France,Micro,15,Business,249,Annual,Referral,23,12.4,3.9,93.3,1052.33,922.32,12.35,Active,,16,3984
ECO01525,2025-08-25,Healthcare,Australia,Medium,263,Professional,99,Monthly,LinkedIn,19,9.4,3.3,87.1,12779.56,11000.95,13.92,Churned,2026-07-31,12,1188
ECO01526,2025-12-22,Healthcare,Germany,Small,77,Starter,39,Annual,Organic Search,18,7.8,3.1,86.2,3481.25,3063.56,12.0,Active,,9,351
ECO01527,2025-07-06,Healthcare,UK,Medium,162,Starter,39,Monthly,Outbound Sales,9,11.4,3.9,94.1,8407.88,7713.76,8.26,Active,,14,546
ECO01528,2025-07-02,Technology,Canada,Small,33,Professional,99,Annual,Organic Search,21,11.7,3.9,93.3,1025.5,976.42,4.79,Active,,14,1386
ECO01529,2026-05-01,Professional Services,UK,Micro,6,Professional,99,Monthly,Organic Search,17,11.2,3.5,93.1,181.5,174.85,3.66,Active,,4,396
ECO01530,2025-09-26,Manufacturing,USA,Small,68,Starter,39,Monthly,Paid Search,10,10.0,3.0,88.3,4941.84,5067.87,-2.55,Churned,2026-06-30,10,390
ECO01531,2026-03-13,Technology,India,Large,483,Business,249,Monthly,Organic Search,14,10.7,3.3,91.9,12637.31,13728.6,-8.64,Active,,6,1494
ECO01532,2024-02-13,Retail,USA,Micro,19,Starter,39,Monthly,Outbound Sales,19,12.5,4.0,95.4,640.22,637.16,0.48,Active,,31,1209
ECO01533,2024-08-06,Manufacturing,UK,Small,60,Enterprise,699,Monthly,Outbound Sales,17,8.9,2.9,88.4,4153.79,3675.4,11.52,Active,,25,17475
ECO01534,2024-06-27,Technology,India,Medium,163,Enterprise,699,Monthly,Referral,16,11.0,4.1,93.1,4565.46,4203.58,7.93,Active,,27,18873
ECO01535,2024-09-07,Professional Services,India,Small,71,Starter,39,Annual,LinkedIn,11,12.0,3.9,95.3,2298.12,2009.05,12.58,Active,,24,936
ECO01536,2025-01-06,Professional Services,UK,Small,30,Enterprise,699,Annual,LinkedIn,25,12.2,4.2,94.3,831.63,797.25,4.13,Active,,20,13980
ECO01537,2025-06-25,Hospitality,India,Micro,12,Starter,39,Monthly,Referral,11,10.3,3.3,89.0,578.93,489.9,15.38,Active,,15,585
ECO01538,2025-05-21,Professional Services,USA,Micro,10,Professional,99,Annual,Outbound Sales,21,11.3,3.5,93.3,364.16,319.98,12.13,Active,,16,1584
ECO01539,2025-01-07,Retail,France,Medium,244,Starter,39,Monthly,Organic Search,20,10.9,4.2,95.8,7996.87,7553.9,5.54,Active,,20,780
ECO01540,2025-11-09,Education,Australia,Small,38,Starter,39,Monthly,Organic Search,25,11.1,3.7,96.6,1193.49,1072.22,10.16,Active,,10,390
ECO01541,2024-04-25,Technology,UK,Small,30,Starter,39,Monthly,Organic Search,21,10.7,3.7,89.8,954.39,889.34,6.82,Churned,2025-05-31,14,546
ECO01542,2026-06-18,Retail,USA,Micro,5,Professional,99,Monthly,Paid Search,14,7.7,1.7,76.0,181.55,168.04,7.44,Active,,3,297
ECO01543,2026-08-01,Technology,France,Micro,17,Business,249,Annual,Partner,16,10.0,4.0,96.4,534.14,534.14,0.0,Active,,1,249
ECO01544,2024-10-05,Logistics,UK,Medium,293,Professional,99,Annual,Organic Search,18,11.4,4.1,94.3,15549.87,16122.45,-3.68,Churned,2026-06-30,21,2079
ECO01545,2024-11-13,Technology,USA,Micro,10,Starter,39,Monthly,Referral,21,11.5,4.0,95.1,287.21,294.15,-2.42,Active,,22,858
ECO01546,2024-08-09,Hospitality,UK,Small,30,Professional,99,Annual,Organic Search,20,8.4,2.8,85.6,1311.62,1184.33,9.7,Active,,25,2475
ECO01547,2026-03-25,Professional Services,UK,Medium,121,Starter,39,Annual,Outbound Sales,20,10.7,4.3,96.5,3812.67,3989.88,-4.65,Active,,6,234
ECO01548,2025-01-13,Technology,UK,Small,38,Starter,39,Monthly,Outbound Sales,20,9.2,3.2,89.6,1156.45,1030.96,10.85,Churned,2025-12-31,12,468
ECO01549,2024-10-12,Professional Services,UK,Small,53,Business,249,Annual,Referral,13,12.1,4.1,95.5,1541.03,1544.58,-0.23,Active,,23,5727
ECO01550,2025-11-22,Hospitality,India,Small,23,Business,249,Monthly,Organic Search,12,9.0,3.0,86.8,983.39,957.49,2.63,Active,,10,2490
ECO01551,2025-06-11,Healthcare,France,Medium,202,Starter,39,Monthly,Paid Search,14,11.8,3.5,93.7,8626.21,8275.98,4.06,Churned,2026-06-30,13,507
ECO01552,2025-03-06,Education,USA,Small,79,Starter,39,Monthly,Organic Search,14,10.9,4.0,95.2,2414.21,1978.03,18.07,Active,,18,702
ECO01553,2024-03-11,Hospitality,Germany,Small,47,Starter,39,Monthly,Organic Search,23,9.3,4.0,90.8,2212.68,2099.18,5.13,Churned,2024-09-30,7,273
ECO01554,2025-08-07,Hospitality,USA,Micro,9,Professional,99,Annual,Referral,17,11.2,3.7,92.7,387.75,344.89,11.05,Active,,13,1287
ECO01555,2025-10-20,Professional Services,India,Large,353,Enterprise,699,Annual,Referral,15,9.6,3.2,86.6,9214.24,9763.49,-5.96,Churned,2026-07-31,10,6990
ECO01556,2025-03-04,Professional Services,Netherlands,Medium,183,Starter,39,Monthly,Organic Search,25,9.9,3.7,89.3,4894.31,4866.26,0.57,Churned,2025-11-30,9,351
ECO01557,2026-02-18,Professional Services,USA,Small,67,Business,249,Annual,LinkedIn,23,8.6,3.6,88.8,2130.56,2074.88,2.61,Active,,7,1743
ECO01558,2026-05-05,Retail,France,Small,55,Business,249,Monthly,Organic Search,16,8.2,3.0,87.2,2207.3,2159.52,2.16,Active,,4,996
ECO01559,2025-07-05,Manufacturing,USA,Micro,9,Professional,99,Annual,LinkedIn,14,8.4,2.4,83.3,580.73,582.54,-0.31,Active,,14,1386
ECO01560,2026-05-20,Professional Services,UK,Small,42,Business,249,Monthly,Referral,19,6.5,2.2,81.1,1187.37,1215.63,-2.38,Active,,4,996
ECO01561,2026-02-23,Hospitality,France,Small,22,Starter,39,Annual,LinkedIn,18,6.3,2.4,77.9,989.42,875.25,11.54,Active,,7,273
ECO01562,2026-03-05,Technology,India,Small,63,Business,249,Monthly,Referral,8,11.8,4.0,93.2,1844.58,1898.93,-2.95,Churned,2026-06-30,4,996
ECO01563,2024-09-04,Professional Services,UK,Medium,186,Professional,99,Monthly,LinkedIn,20,10.6,3.9,92.0,6110.75,6202.56,-1.5,Active,,24,2376
ECO01564,2025-06-24,Healthcare,Germany,Small,65,Professional,99,Annual,Referral,22,11.0,3.4,93.9,3020.58,2723.92,9.82,Active,,15,1485
ECO01565,2026-04-16,Technology,India,Small,54,Starter,39,Annual,LinkedIn,18,9.2,3.4,91.4,1718.94,1733.66,-0.86,Active,,5,195
ECO01566,2024-07-23,Technology,India,Micro,5,Professional,99,Monthly,LinkedIn,16,6.5,2.4,81.0,152.28,152.27,0.01,Active,,26,2574
ECO01567,2026-08-25,Healthcare,France,Medium,141,Starter,39,Monthly,LinkedIn,18,13.0,2.0,86.6,6151.28,6151.28,0.0,Active,,1,39
ECO01568,2026-05-22,Retail,UK,Micro,12,Starter,39,Annual,Organic Search,26,10.8,4.5,92.1,411.01,410.0,0.25,Active,,4,156
ECO01569,2026-06-14,Logistics,France,Micro,11,Professional,99,Monthly,Referral,11,7.7,3.3,86.1,603.18,637.53,-5.69,Active,,3,297
ECO01570,2025-10-23,Manufacturing,USA,Large,825,Business,249,Monthly,Organic Search,23,9.3,3.6,94.9,54340.74,50626.43,6.84,Churned,2026-06-30,9,2241
ECO01571,2024-06-01,Professional Services,UK,Small,59,Business,249,Annual,Partner,19,10.0,3.2,88.5,1916.02,1825.44,4.73,Active,,27,6723
ECO01572,2024-06-12,Healthcare,Germany,Small,70,Professional,99,Annual,LinkedIn,16,10.3,3.7,93.4,2911.16,2670.25,8.28,Active,,27,2673
ECO01573,2025-01-14,Retail,UK,Small,33,Business,249,Annual,Organic Search,7,13.3,4.0,96.2,1249.12,1186.68,5.0,Churned,2025-03-31,3,747
ECO01574,2024-08-16,Technology,India,Small,39,Starter,39,Annual,Outbound Sales,20,12.3,4.1,94.5,1144.93,1159.09,-1.24,Active,,25,975
ECO01575,2024-03-04,Technology,UK,Micro,17,Starter,39,Annual,Organic Search,17,8.5,2.8,87.0,520.8,488.14,6.27,Churned,2025-09-30,19,741
ECO01576,2026-04-01,Professional Services,Netherlands,Large,1064,Professional,99,Monthly,Outbound Sales,20,7.6,2.8,86.3,36071.48,36474.66,-1.12,Active,,5,495
ECO01577,2026-05-24,Professional Services,Australia,Medium,230,Starter,39,Monthly,Organic Search,17,3.8,1.8,74.6,7054.37,7440.32,-5.47,Active,,4,156
ECO01578,2025-03-20,Manufacturing,Canada,Large,568,Business,249,Annual,LinkedIn,10,5.7,3.7,81.2,42275.07,39902.43,5.61,Churned,2025-05-31,3,747
ECO01579,2024-06-08,Healthcare,Germany ,Small,69,Business,249,Monthly,Outbound Sales,22,10.9,3.3,92.0,3315.7,2963.36,10.63,Churned,2025-09-30,16,3984
ECO01580,2024-01-22,Logistics,India,Micro,12,Professional,99,Monthly,Paid Search,9,12.2,3.7,94.2,564.49,510.61,9.54,Churned,2024-12-31,12,1188
ECO01581,2024-07-07,,UK,Medium,187,Professional,99,Monthly,Referral,30,7.6,2.9,84.8,8001.11,7378.5,7.78,Active,,26,2574
ECO01582,2026-03-17,Professional Services,Canada,Small,42,Business,249,Monthly,Outbound Sales,13,8.3,2.7,84.9,1197.05,1345.87,-12.43,Churned,2026-05-31,3,747
ECO01583,2025-06-25,Technology,Germany,Micro,12,Starter,39,Monthly,Paid Search,13,11.7,3.8,95.9,329.45,295.91,10.18,Active,,15,585
ECO01584,2024-09-09,Technology,UK,Large,590,Enterprise,699,Monthly,Outbound Sales,16,10.8,3.3,90.3,18911.31,15916.96,15.83,Active,,24,16776
ECO01585,2026-01-01,Manufacturing,India,Micro,7,Starter,39,Monthly,LinkedIn,17,9.3,3.3,86.2,487.55,490.74,-0.65,Churned,2026-06-30,6,234
ECO01586,2026-01-13,Manufacturing,USA,Micro,12,Professional,99,Monthly,Partner,29,12.5,4.0,94.0,848.34,793.63,6.45,Active,,8,792
ECO01587,2024-09-15,Professional Services,Germany,Small,49,Starter,39,Monthly,Organic Search,21,10.6,3.6,92.0,1547.18,1345.14,13.06,Active,,24,936
ECO01588,2026-04-06,Hospitality,UK,Medium,184,Starter,39,Annual,LinkedIn,22,11.0,3.6,96.2,8046.04,8359.89,-3.9,Active,,5,195
ECO01589,2025-06-18,Logistics,Germany,Small,45,Enterprise,699,Annual,Outbound Sales,9,8.6,2.9,87.5,2117.31,1847.64,12.74,Active,,15,10485
ECO01590,2025-10-18,Retail,Germany,Small,69,Business,249,Monthly,LinkedIn,22,9.2,2.9,87.2,2516.89,2570.09,-2.11,Churned,2026-07-31,10,2490
ECO01591,2026-03-04,Manufacturing,UK,Large,664,Business,249,Monthly,Organic Search,11,11.8,3.5,92.9,46434.11,46144.26,0.62,Active,,6,1494
ECO01592,2025-12-21,Technology,Germany,Large,888,Business,249,Monthly,Organic Search,23,6.4,2.4,84.6,27102.2,26230.71,3.22,Churned,2026-04-30,5,1245
ECO01593,2026-04-18,Logistics,UK,Small,40,Business,249,Annual,Partner,8,8.8,2.4,88.1,1868.41,1856.94,0.61,Active,,5,1245
ECO01594,2024-12-27,Logistics,USA,Small,29,Starter,39,Monthly,Referral,22,9.5,3.1,90.1,1436.18,1386.94,3.43,Active,,21,819
ECO01595,2025-05-13,Healthcare,Canada,Medium,292,Starter,39,Annual,Organic Search,21,12.2,3.8,96.4,12350.45,11481.65,7.03,Active,,16,624
ECO01596,2026-05-25,Technology,France,Small,60,Starter,39,Annual,LinkedIn,22,8.2,3.2,87.1,1786.04,1681.15,5.87,Active,,4,156
ECO01597,2025-06-06,Manufacturing,France,Medium,286,Enterprise,699,Annual,Organic Search,19,10.1,3.9,90.3,18842.26,17678.95,6.17,Active,,15,10485
ECO01598,2026-02-09,Retail,India,Medium,160,Business,249,Monthly,Partner,15,7.0,2.0,79.0,6249.54,6477.32,-3.64,Active,,7,1743
ECO01599,2024-09-23,Manufacturing,India,Micro,7,Starter,39,Annual,Partner,17,11.6,4.2,95.8,463.9,475.41,-2.48,Churned,2025-06-30,10,390
ECO01600,2026-01-22,Retail,UK,Medium,199,Starter,39,Annual,Outbound Sales,17,11.8,3.1,90.0,7324.54,6765.33,7.63,Active,,8,312
ECO01601,2026-08-20,Hospitality,Germany,Small,36,Starter,39,Monthly,Referral,21,7.0,2.0,83.6,1415.76,1415.76,0.0,Active,,1,39
ECO01602,2026-07-18,Manufacturing,Australia,Small,25,Business,249,Annual,Paid Search,19,10.0,4.5,94.2,1712.64,1614.29,5.74,Active,,2,498
ECO01603,2024-02-03,Retail,Germany,Micro,8,Starter,39,Monthly,Organic Search,12,12.3,3.5,95.2,301.13,279.5,7.18,Churned,2025-07-31,18,702
ECO01604,2026-06-05,Professional Services,France,Medium,271,Professional,99,Monthly,LinkedIn,17,9.0,2.7,79.1,7290.36,7499.45,-2.87,Active,,3,297
ECO01605,2025-11-13,Retail,UK,Micro,8,Starter,39,Monthly,Paid Search,13,11.2,4.1,96.9,325.84,314.74,3.41,Active,,10,390
ECO01606,2024-01-16,Logistics,France,Small,72,Professional,99,Annual,Organic Search,15,11.0,3.9,93.1,3720.36,3761.36,-1.1,Active,,32,3168
ECO01607,2025-05-13,Healthcare,India,Small,64,Enterprise,699,Monthly,LinkedIn,21,13.3,3.8,96.7,3352.33,2883.17,14.0,Churned,2026-04-30,12,8388
ECO01608,2024-08-18,Retail,Germany,Small,34,Starter,39,Monthly,Referral,20,7.0,2.7,86.4,1062.82,1103.58,-3.84,Churned,2025-11-30,16,624
ECO01609,2024-09-15,Manufacturing,India,Small,20,Professional,99,Annual,Paid Search,11,9.2,3.0,87.8,1323.45,1235.41,6.65,Active,,24,2376
ECO01610,2026-02-08,Manufacturing,France,Small,20,Business,249,Monthly,Partner,19,11.2,3.7,95.9,1423.33,1245.5,12.49,Churned,2026-07-31,6,1494
ECO01611,2026-01-04,Hospitality,India,Small,73,Business,249,Annual,LinkedIn,16,11.1,3.5,93.2,3306.97,2997.22,9.37,Active,,8,1992
ECO01612,2024-12-10,Technology,India,Small,70,Professional,99,Annual,Organic Search,28,12.7,4.2,95.1,1756.58,1664.02,5.27,Active,,21,2079
ECO01613,2025-11-20,Manufacturing,Canada,Medium,267,Enterprise,699,Annual,Referral,10,9.3,2.7,88.5,17900.99,17542.35,2.0,Active,,10,6990
ECO01614,2024-10-19,Technology,India,Medium,131,Professional,99,Monthly,Outbound Sales,13,9.4,3.9,90.2,3607.82,3696.99,-2.47,Churned,2025-05-31,8,792
ECO01615,2024-03-13,Hospitality,France,Large,686,Business,249,Annual,Partner,19,11.3,3.8,92.7,29782.43,26315.47,11.64,Active,,30,7470
ECO01616,2025-06-24,Technology,Australia,Medium,178,Starter,39,Annual,Partner,5,12.1,4.2,95.4,4371.97,4532.28,-3.67,Active,,15,585
ECO01617,2025-04-06,Technology,France,Micro,19,Business,249,Annual,Outbound Sales,15,8.6,3.1,86.1,561.93,543.26,3.32,Active,,17,4233
ECO01618,2025-03-14,Technology,Netherlands,Medium,196,Business,249,Annual,Outbound Sales,16,10.8,3.9,93.8,5494.19,4920.14,10.45,Active,,18,4482
ECO01619,2024-10-20,Logistics,Australia,Large,820,Business,249,Annual,Partner,26,10.0,2.9,91.2,37357.16,33717.31,9.74,Active,,23,5727
ECO01620,2024-06-02,Manufacturing,UK,Medium,228,Starter,39,Monthly,Referral,8,8.8,3.0,88.7,16199.74,15355.99,5.21,Churned,2025-10-31,17,663
ECO01621,2024-08-02,Education,UK,Large,952,Business,249,Annual,Outbound Sales,9,7.2,2.7,84.3,28209.62,26141.01,7.33,Active,,25,6225
ECO01622,2024-02-18,Technology,USA,Micro,16,Starter,39,Annual,Paid Search,16,11.7,3.9,93.6,566.97,452.56,20.18,Active,,31,1209
ECO01623,2024-07-04,Healthcare,India,Large,1089,Professional,99,Annual,Outbound Sales,13,12.1,3.7,95.4,45001.83,45339.1,-0.75,Active,,26,2574
ECO01624,2024-08-09,Professional Services,USA,Micro,8,Business,249,Monthly,Organic Search,10,8.7,2.5,85.6,234.92,220.21,6.26,Churned,2026-02-28,19,4731
ECO01625,2024-04-08,Professional Services,UK,Micro,17,Business,249,Annual,Paid Search,9,12.3,3.9,95.2,459.41,521.28,-13.47,Churned,2025-08-31,17,4233
ECO01626,2024-11-22,Retail,India,Small,47,Starter,39,Monthly,Outbound Sales,20,9.2,2.8,89.4,1514.96,1385.23,8.56,Active,,22,858
ECO01627,2025-10-14,Manufacturing,USA,Small,52,Starter,39,Annual,Paid Search,21,8.4,2.5,87.7,3345.84,3075.93,8.07,Active,,11,429
ECO01628,2025-07-27,Retail,Germany,Small,70,Professional,99,Monthly,Referral,16,10.1,3.5,89.7,2426.64,2193.81,9.59,Active,,14,1386
ECO01629,2025-12-25,Technology,USA,Small,70,Starter,39,Monthly,Organic Search,15,6.2,2.1,77.0,1944.41,1868.68,3.89,Active,,9,351
ECO01630,2024-07-03,Healthcare,UK,Micro,17,Starter,39,Monthly,Paid Search,22,10.7,3.6,90.9,833.83,823.58,1.23,Active,,26,1014
ECO01631,2026-03-10,Technology,Germany,Medium,161,Professional,99,Annual,Outbound Sales,22,11.5,3.7,93.2,4611.43,4829.06,-4.72,Active,,6,594
ECO01632,2026-07-01,Manufacturing,UK,Small,69,Starter,39,Annual,Outbound Sales,21,10.0,5.0,94.5,4493.71,4627.31,-2.97,Active,,2,78
ECO01633,2024-10-25,Hospitality,UK,Micro,7,Business,249,Monthly,Partner,12,6.6,2.2,81.3,294.94,277.0,6.08,Active,,23,5727
ECO01634,2024-12-16,Retail,Netherlands,Micro,14,Starter,39,Monthly,Paid Search,19,11.0,3.5,92.5,572.63,537.22,6.18,Active,,21,819
ECO01635,2024-07-05,Healthcare,India,Medium,220,Professional,99,Monthly,Organic Search,19,3.3,1.0,71.2,9222.82,8747.3,5.16,Churned,2026-03-31,21,2079
ECO01636,2026-02-13,Technology,Germany,Small,58,Professional,99,Monthly,Outbound Sales,33,12.3,3.4,93.2,1796.87,1631.3,9.21,Active,,7,693
ECO01637,2024-04-05,Technology,France,Small,42,Starter,39,Monthly,Paid Search,19,8.9,3.3,87.6,1245.14,1277.29,-2.58,Churned,2024-12-31,9,351
ECO01638,2025-10-09,Logistics,India,Medium,217,Professional,99,Annual,Outbound Sales,22,9.0,1.0,80.8,10421.76,11237.81,-7.83,Churned,2025-12-31,3,297
ECO01639,2026-01-05,Professional Services,USA,Micro,15,Starter,39,Annual,LinkedIn,17,10.5,3.6,93.0,500.27,521.33,-4.21,Active,,8,312
ECO01640,2026-07-08,Manufacturing,Canada,Large,840,Enterprise,699,Annual,Partner,23,9.0,3.0,84.2,59679.88,55504.5,7.0,Active,,2,1398
ECO01641,2024-10-19,Retail,Germany,Micro,7,Professional,99,Monthly,Organic Search,13,10.0,3.5,95.3,229.5,234.46,-2.16,Churned,2025-01-31,4,396
ECO01642,2026-07-26,Professional Services,Australia,Small,34,Starter,39,Annual,LinkedIn,14,10.0,3.5,88.6,928.59,941.07,-1.34,Active,,2,78
ECO01643,2025-09-24,Hospitality,Germany,Small,35,Professional,99,Annual,LinkedIn,20,10.9,4.5,95.3,1440.95,1297.61,9.95,Active,,12,1188
ECO01644,2025-03-19,Education,USA,Micro,11,Business,249,Monthly,Outbound Sales,25,11.5,3.7,95.5,311.76,313.13,-0.44,Churned,2026-01-31,11,2739
ECO01645,2026-05-09,Manufacturing,Canada,Small,37,Professional,99,Monthly,Organic Search,16,9.5,3.8,94.6,2543.03,2239.84,11.92,Active,,4,396
ECO01646,2025-10-19,Retail,Germany,Medium,207,Professional,99,Monthly,Organic Search,16,9.2,3.1,89.1,7687.98,7621.47,0.87,Active,,11,1089
ECO01647,2026-05-01,Manufacturing,USA,Small,69,Business,249,Annual,LinkedIn,20,7.2,2.2,82.9,4610.68,4158.42,9.81,Active,,4,996
ECO01648,2024-04-25,Logistics,Germany,Micro,13,Business,249,Monthly,LinkedIn,15,6.2,2.5,83.9,644.71,657.33,-1.96,Churned,2024-07-31,4,996
ECO01649,2025-11-01,Hospitality,Australia,Medium,121,Professional,99,Monthly,Outbound Sales,20,8.8,3.1,87.8,4726.99,4990.2,-5.57,Active,,10,990
ECO01650,2024-03-02,Retail,UK,Small,32,Starter,39,Monthly,Referral,17,11.2,4.3,94.4,1174.62,1067.98,9.08,Churned,2025-06-30,16,624
ECO01651,2026-04-17,Manufacturing,UK,Medium,289,Business,249,Monthly,Referral,11,8.8,4.0,93.7,20301.74,18860.22,7.1,Active,,5,1245
ECO01652,2024-02-08,Education,Australia,Medium,113,Professional,99,Monthly,Outbound Sales,19,11.4,3.7,93.8,4175.78,3630.13,13.07,Churned,2025-12-31,23,2277
ECO01653,2025-11-04,Healthcare,Australia,Small,73,Starter,39,Monthly,Organic Search,21,10.3,3.9,91.3,2973.53,2608.8,12.27,Churned,2026-05-31,7,273
ECO01654,2025-01-09,Logistics,France,Small,56,Professional,99,Annual,Paid Search,16,11.0,4.0,94.8,2982.76,3177.0,-6.51,Active,,20,1980
ECO01655,2025-08-19,Retail,UK,Small,41,Starter,39,Monthly,Partner,15,10.3,3.4,85.9,1406.11,1418.65,-0.89,Churned,2026-02-28,7,273
ECO01656,2025-12-22,Manufacturing,UK,Large,750,Business,249,Annual,Referral,10,9.0,3.3,88.4,53207.99,49922.29,6.18,Active,,9,2241
ECO01657,2026-01-05,Manufacturing,UK,Large,541,Starter,39,Monthly,LinkedIn,16,9.8,3.4,89.7,37117.88,38594.51,-3.98,Active,,8,312
ECO01658,2025-11-09,Professional Services,Germany,Large,1142,Business,249,Monthly,Paid Search,20,12.3,3.7,92.8,34280.91,30956.7,9.7,Active,,10,2490
ECO01659,2025-07-05,Professional Services,Germany,Small,75,Business,249,Annual,Referral,23,10.7,4.0,92.7,2404.14,2221.74,7.59,Active,,14,3486
ECO01660,2025-02-04,Hospitality,UK,Micro,19,Professional,99,Monthly,Outbound Sales,23,10.6,3.8,93.9,881.68,727.23,17.52,Churned,2026-08-31,19,1881
ECO01661,2026-04-02,Technology,Netherlands,Medium,248,Starter,39,Monthly,Referral,21,8.6,2.2,82.1,7144.93,7038.4,1.49,Active,,5,195
ECO01662,2024-10-13,Retail,UK,Medium,99,Starter,39,Monthly,Paid Search,18,8.0,2.1,83.9,3794.64,3764.07,0.81,Active,,23,897
ECO01663,2025-11-15,Manufacturing,Germany,Large,447,Business,249,Monthly,Outbound Sales,23,11.0,4.5,95.8,27490.58,27946.8,-1.66,Churned,2026-02-28,4,996
ECO01664,2024-06-13,Hospitality,Netherlands,Micro,9,Professional,99,Annual,Referral,10,11.6,3.6,94.0,341.07,309.81,9.17,Active,,27,2673
ECO01665,2025-11-04,Hospitality,Germany,Micro,15,Starter,39,Monthly,Outbound Sales,26,11.5,4.0,95.6,579.94,572.31,1.32,Active,,10,390
ECO01666,2026-01-01,Technology,Germany,Medium,89,Professional,99,Monthly,LinkedIn,10,9.8,3.1,86.5,2713.29,2704.6,0.32,Active,,8,792
ECO01667,2025-05-21,Technology,Germany,Small,70,Starter,39,Monthly,Outbound Sales,10,11.2,4.1,95.2,2111.94,1848.01,12.5,Active,,16,624
ECO01668,2025-01-16,Technology,Germany,Micro,18,Starter,39,Annual,Organic Search,15,9.3,3.5,91.0,479.53,447.98,6.58,Churned,2026-01-31,13,507
ECO01669,2024-07-23,Hospitality,Australia,Medium,255,Professional,99,Monthly,LinkedIn,19,11.8,4.0,95.0,10767.54,10013.71,7.0,Active,,26,2574
ECO01670,2026-06-20,Technology,UK,Large,817,Business,249,Monthly,Referral,13,7.7,1.7,78.2,25616.58,26266.63,-2.54,Active,,3,747
ECO01671,2025-09-16,Hospitality,France,Medium,140,Professional,99,Annual,Paid Search,10,11.6,4.2,95.2,5810.83,5708.39,1.76,Active,,12,1188
ECO01672,2024-08-25,Retail,Germany,Medium,263,Starter,39,Annual,Paid Search,5,11.2,3.4,92.6,9425.16,9108.66,3.36,Active,,25,975
ECO01673,2026-04-06,Hospitality,India,Micro,12,Professional,99,Monthly,LinkedIn,21,7.8,3.8,86.7,563.42,581.68,-3.24,Active,,5,495
ECO01674,2025-03-11,Manufacturing,UK,Micro,8,Professional,99,Annual,Outbound Sales,18,12.2,4.2,94.8,509.82,473.63,7.1,Active,,18,1782
ECO01675,2026-07-02,Hospitality,UK,Small,42,Professional,99,Monthly,Paid Search,5,7.5,3.5,89.8,1864.96,1751.5,6.08,Active,,2,198
ECO01676,2026-03-16,Manufacturing,France,Medium,243,Professional,99,Monthly,Referral,20,9.7,3.2,87.9,18297.12,16909.63,7.58,Active,,6,594
ECO01677,2024-12-18,Hospitality,Germany,Medium,190,Professional,99,Monthly,Referral,14,12.0,4.0,94.2,9344.66,8150.2,12.78,Active,,21,2079
ECO01678,2024-04-02,Retail,Canada,Small,72,Starter,39,Monthly,LinkedIn,21,11.4,3.5,93.3,2318.32,2225.91,3.99,Churned,2025-03-31,12,468
ECO01679,2025-10-11,Retail,France,Medium,99,Professional,99,Monthly,Partner,15,12.4,3.8,92.1,3915.31,3660.48,6.51,Active,,11,1089
ECO01680,2026-05-23,Logistics,Netherlands,Small,20,Business,249,Monthly,Outbound Sales,19,9.5,2.5,87.4,953.45,976.37,-2.4,Active,,4,996
ECO01681,2026-02-17,Professional Services,Germany,Micro,8,Starter,39,Monthly,Organic Search,28,10.9,3.0,92.1,259.55,263.67,-1.59,Active,,7,273
ECO01682,2024-12-13,Manufacturing,UK,Medium,237,Starter,39,Monthly,LinkedIn,12,9.2,2.8,86.2,15909.37,15270.44,4.02,Active,,21,819
ECO01683,2026-04-03,Hospitality,Germany,Medium,261,Starter,39,Monthly,Outbound Sales,16,8.2,1.6,83.1,11706.75,12148.38,-3.77,Active,,5,195
ECO01684,2026-07-20,Logistics,UK,Medium,170,Starter,39,Annual,Partner,24,9.5,2.0,86.0,10366.36,10379.67,-0.13,Active,,2,78
ECO01685,2024-01-27,Manufacturing,India,Medium,166,Professional,99,Annual,Outbound Sales,20,12.1,4.1,96.5,10842.2,9286.85,14.35,Churned,2025-11-30,23,2277
ECO01686,2025-06-20,Hospitality,USA,Small,31,Professional,99,Annual,Referral,16,10.5,3.9,92.7,1291.27,1172.84,9.17,Active,,15,1485
ECO01687,2024-04-02,Hospitality,USA,Micro,12,Professional,99,Monthly,Outbound Sales,19,9.4,3.7,89.7,526.05,543.0,-3.22,Churned,2025-02-28,11,1089
ECO01688,2024-02-25,Technology,UK,Small,73,Starter,39,Annual,Organic Search,21,11.5,3.9,92.7,2083.64,1988.38,4.57,Active,,31,1209
ECO01689,2025-02-04,Healthcare,USA,Micro,13,Starter,39,Monthly,Organic Search,18,10.0,3.6,91.3,594.27,542.58,8.7,Active,,19,741
ECO01690,2024-11-13,Manufacturing,Australia,Medium,96,Business,249,Annual,Paid Search,6,5.0,1.9,77.7,7074.01,6663.48,5.8,Churned,2025-07-31,9,2241
ECO01691,2024-07-16,Retail,UK,Small,26,Professional,99,Monthly,Partner,12,9.4,3.3,89.7,903.79,828.45,8.34,Active,,26,2574
ECO01692,2025-08-25,Logistics,UK,Small,40,Starter,39,Monthly,Organic Search,17,10.0,3.0,90.6,2240.16,2269.77,-1.32,Active,,13,507
ECO01693,2025-08-12,Technology,USA,Small,23,Starter,39,Annual,Organic Search,31,6.0,1.6,80.2,646.23,626.33,3.08,Churned,2025-12-31,5,195
ECO01694,2026-06-06,,India,Small,55,Business,249,Annual,Outbound Sales,14,12.0,3.7,93.8,1477.91,1383.67,6.38,Active,,3,747
ECO01695,2026-03-09,Education,Germany,Medium,121,Starter,39,Annual,Outbound Sales,15,6.2,2.8,82.3,3382.56,3420.37,-1.12,Churned,2026-07-31,5,195
ECO01696,2025-06-25,Professional Services,Netherlands,Small,65,Starter,39,Annual,LinkedIn,21,11.7,3.5,93.2,1912.18,1703.23,10.93,Active,,15,585
ECO01697,2025-11-21,Logistics,Netherlands,Micro,19,Business,249,Monthly,Referral,20,10.5,3.8,90.2,1099.12,1009.71,8.13,Active,,10,2490
ECO01698,2025-05-15,Manufacturing,France,Small,73,Starter,39,Monthly,LinkedIn,19,11.7,3.6,95.0,4508.93,4252.85,5.68,Active,,16,624
ECO01699,2025-04-08,Education,Canada,Small,75,Starter,39,Monthly,LinkedIn,22,7.1,2.8,83.8,2124.66,2039.7,4.0,Active,,17,663
ECO01700,2026-07-25,Technology,Germany,Micro,7,Professional,99,Monthly,Organic Search,26,13.0,4.5,92.2,209.17,212.33,-1.51,Active,,2,198
ECO01701,2024-05-17,Professional Services,India,Large,539,Business,249,Annual,Organic Search,21,10.5,3.6,92.7,16186.02,13744.32,15.09,Active,,28,6972
ECO01702,2024-10-05,Retail,Germany,Small,70,Starter,39,Annual,Paid Search,19,10.9,3.5,91.8,2417.49,2461.5,-1.82,Churned,2025-12-31,15,585
ECO01703,2025-06-02,Technology,India ,Medium,189,Professional,99,Monthly,Referral,14,11.7,3.8,95.1,5757.93,5546.97,3.66,Active,,15,1485
ECO01704,2024-03-14,Hospitality,France,Small,26,Starter,39,Monthly,Referral,16,10.2,3.7,93.4,1047.92,1004.1,4.18,Churned,2024-12-31,10,390
ECO01705,2024-04-02,Retail,UK,Large,1155,Business,249,Annual,Paid Search,15,10.5,3.2,91.6,36916.4,35768.65,3.11,Active,,29,7221
ECO01706,2026-04-08,Retail,USA,Medium,245,Starter,39,Annual,Outbound Sales,22,11.4,3.6,89.6,7779.85,7607.28,2.22,Active,,5,195
ECO01707,2024-05-23,Technology,UK,Medium,81,Professional,99,Monthly,Outbound Sales,13,9.2,3.1,85.8,2693.75,2384.77,11.47,Active,,28,2772
ECO01708,2026-08-20,Healthcare,USA,Large,711,Business,249,Annual,LinkedIn,21,3.0,3.0,79.5,32665.68,32665.68,0.0,Active,,1,249
ECO01709,2024-03-08,Retail,Canada,Small,31,Professional,99,Monthly,Organic Search,19,9.5,3.1,88.0,1144.69,1109.92,3.04,Active,,30,2970
ECO01710,2026-05-14,Technology,Canada,Micro,12,Professional,99,Monthly,Organic Search,20,8.5,2.5,89.2,326.5,320.54,1.83,Active,,4,396
ECO01711,2024-03-03,Healthcare,Netherlands,Micro,13,Professional,99,Annual,Organic Search,17,8.6,2.8,88.7,618.86,634.14,-2.47,Churned,2024-07-31,5,495
ECO01712,2026-03-22,Retail,India,Micro,13,Starter,39,Monthly,Paid Search,26,12.3,4.2,94.7,540.57,504.97,6.59,Active,,6,234
ECO01713,2026-04-20,Healthcare,India,Small,59,Business,249,Monthly,LinkedIn,20,10.4,3.8,93.5,2466.9,2192.81,11.11,Active,,5,1245
ECO01714,2026-03-14,Healthcare,UK,Small,30,Professional,99,Monthly,Partner,26,10.0,3.0,88.8,1411.77,1566.11,-10.93,Active,,6,594
ECO01715,2026-06-10,Professional Services,UK,Small,67,Starter,39,Monthly,Organic Search,21,10.3,1.7,87.0,2135.76,2150.61,-0.7,Active,,3,117
ECO01716,2025-11-11,Retail,Canada,Large,312,Business,249,Monthly,LinkedIn,19,11.5,3.5,91.7,12136.47,12050.0,0.71,Active,,10,2490
ECO01717,2026-07-25,Retail,USA,Small,44,Professional,99,Monthly,Outbound Sales,11,9.5,3.0,88.8,1353.65,1534.25,-13.34,Active,,2,198
ECO01718,2025-12-06,Technology,UK,Small,42,Starter,39,Annual,Paid Search,15,10.4,3.3,90.7,1311.42,1220.76,6.91,Active,,9,351
ECO01719,2024-03-08,Retail,USA,Small,73,Starter,39,Annual,LinkedIn,16,12.0,3.6,92.5,2218.88,2255.07,-1.63,Churned,2025-10-31,20,780
ECO01720,2026-06-04,Retail,UK ,Micro,15,Business,249,Annual,Paid Search,14,11.0,2.7,86.1,581.52,550.1,5.4,Active,,3,747
ECO01721,2025-01-02,Retail,UK,Medium,220,Professional,99,Annual,Organic Search,19,11.4,3.7,96.6,7660.46,5982.6,21.9,Active,,20,1980
ECO01722,2024-07-17,Logistics,Germany,Medium,220,Business,249,Annual,Organic Search,25,11.8,3.6,94.8,11370.65,10635.9,6.46,Active,,26,6474
ECO01723,2025-09-13,Technology,Netherlands,Medium,156,Professional,99,Monthly,Organic Search,5,8.4,3.1,86.3,5129.82,4805.34,6.33,Active,,12,1188
ECO01724,2025-06-10,Hospitality,USA,Medium,149,Business,249,Annual,Paid Search,27,13.1,3.4,94.9,6723.25,5924.22,11.88,Active,,15,3735
ECO01725,2026-07-20,Healthcare,UK,Small,45,Professional,99,Monthly,Referral,16,11.5,1.5,91.9,2020.08,1946.94,3.62,Active,,2,198
ECO01726,2025-10-01,Manufacturing,USA,Medium,205,Business,249,Monthly,Referral,14,8.8,3.0,89.5,13446.88,12290.41,8.6,Active,,11,2739
ECO01727,2025-02-08,,France,Small,46,Business,249,Monthly,Outbound Sales,18,11.5,4.1,95.9,1196.58,1121.92,6.24,Active,,19,4731
ECO01728,2026-04-02,Professional Services,UK,Large,673,Enterprise,699,Monthly,Outbound Sales,10,8.7,3.7,91.0,22597.71,21498.65,4.86,Churned,2026-06-30,3,2097
ECO01729,2026-06-14,Healthcare,UK,Small,73,Professional,99,Monthly,Referral,18,9.0,4.3,89.7,3699.41,3278.96,11.37,Active,,3,297
ECO01730,2026-08-02,Professional Services,Netherlands,Small,41,Business,249,Annual,Organic Search,26,8.0,4.0,93.4,1059.6,1059.6,0.0,Active,,1,249
ECO01731,2025-11-07,Retail,USA,Micro,17,Starter,39,Annual,Outbound Sales,18,11.8,3.1,92.2,599.28,551.19,8.02,Churned,2026-06-30,8,312
ECO01732,2025-11-07,Professional Services,Germany,Small,72,Enterprise,699,Monthly,Paid Search,25,8.6,3.0,87.0,2094.65,2039.56,2.63,Active,,10,6990
ECO01733,2024-01-06,,Australia,Small,37,Professional,99,Annual,Organic Search,24,11.3,3.5,94.4,1101.72,1091.91,0.89,Active,,32,3168
ECO01734,2026-05-06,Manufacturing,UK,Small,23,Starter,39,Annual,Organic Search,16,7.8,3.0,86.1,1726.94,1644.58,4.77,Churned,2026-08-31,4,156
ECO01735,2026-07-10,Professional Services,USA,Micro,6,Professional,99,Monthly,Outbound Sales,20,7.0,3.0,88.7,174.63,164.1,6.03,Active,,2,198
ECO01736,2025-05-23,Technology,France,Small,73,Business,249,Monthly,Referral,20,9.0,3.3,88.1,1925.62,2105.1,-9.32,Active,,16,3984
ECO01737,2025-02-01,Retail,UK,Small,34,Enterprise,699,Annual,LinkedIn,13,10.8,3.6,93.0,1279.75,1204.98,5.84,Active,,19,13281
ECO01738,2026-03-12,Hospitality,Germany,Micro,12,Business,249,Monthly,Partner,16,10.8,3.3,89.9,500.2,502.08,-0.38,Active,,6,1494
ECO01739,2024-05-12,Hospitality,Australia,Medium,181,Professional,99,Monthly,Referral,14,11.4,3.7,93.7,7029.91,6674.8,5.05,Active,,28,2772
ECO01740,2026-06-27,Retail,Netherlands,Medium,233,Business,249,Monthly,Paid Search,18,9.7,3.7,88.9,8162.29,7730.88,5.29,Active,,3,747
ECO01741,2026-01-12,Professional Services,UK,Small,33,Professional,99,Monthly,Referral,19,8.6,2.6,89.7,876.73,827.91,5.57,Active,,8,792
ECO01742,2026-07-26,Retail,UK,Small,29,Professional,99,Monthly,Outbound Sales,15,5.0,1.5,81.0,1001.68,1044.36,-4.26,Active,,2,198
ECO01743,2025-03-24,Hospitality,France,Large,359,Business,249,Monthly,Partner,18,10.4,3.4,89.8,14655.31,12763.6,12.91,Churned,2026-07-31,17,4233
ECO01744,2026-07-04,Logistics,India,Micro,19,Starter,39,Monthly,Paid Search,15,10.0,3.0,83.6,1078.29,1029.59,4.52,Active,,2,78
ECO01745,2025-03-11,Retail,Canada,Small,26,Professional,99,Monthly,Organic Search,9,10.7,3.6,92.1,805.38,869.7,-7.99,Churned,2025-12-31,10,990
ECO01746,2024-05-22,Healthcare,France,Small,32,Business,249,Monthly,Organic Search,22,11.1,3.6,92.5,1649.36,1530.27,7.22,Churned,2026-06-30,26,6474
ECO01747,2024-05-05,Healthcare,USA,Medium,150,Professional,99,Monthly,LinkedIn,19,10.8,3.9,94.2,6712.0,5607.17,16.46,Active,,28,2772
ECO01748,2025-11-22,Technology,Germany,Small,59,Starter,39,Monthly,Organic Search,8,9.8,2.8,93.0,1669.49,1763.39,-5.62,Churned,2026-02-28,4,156
ECO01749,2026-06-02,Education,Germany,Medium,271,Professional,99,Annual,Paid Search,25,10.3,2.7,89.2,7965.96,7859.83,1.33,Active,,3,297
ECO01750,2026-06-03,Logistics,Australia,Micro,15,Starter,39,Monthly,Referral,15,9.0,3.0,87.5,808.6,793.43,1.88,Active,,3,117
ECO01751,2025-05-05,Technology,India,Medium,283,Starter,39,Annual,Partner,21,12.0,4.2,95.7,8563.0,8615.65,-0.61,Churned,2026-08-31,16,624
ECO01752,2026-06-20,Hospitality,Germany ,Medium,88,Professional,99,Monthly,Referral,6,9.3,2.7,88.9,3993.85,4027.6,-0.85,Churned,2026-08-31,3,297
ECO01753,2026-02-27,Education,USA,Medium,282,Starter,39,Monthly,Referral,22,11.1,4.0,95.4,7966.77,7401.74,7.09,Active,,7,273
ECO01754,2025-01-26,Healthcare,USA,Medium,135,Business,249,Monthly,Paid Search,23,9.8,3.4,90.7,6697.16,6082.01,9.19,Churned,2026-08-31,20,4980
ECO01755,2025-09-22,Logistics,USA,Small,36,Starter,39,Monthly,LinkedIn,23,7.1,2.7,85.4,1680.1,1638.11,2.5,Active,,12,468
ECO01756,2025-09-20,Manufacturing,UK,Medium,126,Starter,39,Annual,Referral,17,11.1,4.1,94.8,9431.67,8425.43,10.67,Active,,12,468
ECO01757,2024-06-03,Professional Services,UK,Medium,152,Enterprise,699,Annual,Organic Search,15,10.5,3.6,91.0,4467.24,4131.84,7.51,Active,,27,18873
ECO01758,2024-03-14,Healthcare,France,Medium,160,Business,249,Annual,Paid Search,15,12.0,4.0,95.1,6991.42,6211.1,11.16,Active,,30,7470
ECO01759,2026-06-02,Hospitality,UK,Large,1032,Enterprise,699,Annual,Outbound Sales,21,10.7,2.7,86.7,45672.3,44647.93,2.24,Active,,3,2097
ECO01760,2025-09-05,Technology,Canada,Medium,272,Business,249,Monthly,Organic Search,26,12.8,4.4,95.9,7350.24,6896.88,6.17,Active,,12,2988
ECO01761,2025-10-14,Manufacturing,Australia,Micro,12,Business,249,Annual,Referral,11,10.0,3.3,89.7,743.7,659.49,11.32,Active,,11,2739
ECO01762,2025-07-13,Technology,USA,Medium,241,Professional,99,Annual,Organic Search,31,11.7,3.5,96.9,6409.05,6170.83,3.72,Churned,2025-12-31,6,594
ECO01763,2024-05-16,Technology,UK,Small,57,Business,249,Annual,Organic Search,15,11.1,4.2,96.1,1834.76,1433.53,21.87,Active,,28,6972
ECO01764,2024-03-18,Technology,UK,Micro,13,Professional,99,Monthly,Organic Search,20,9.9,3.2,90.2,329.53,343.28,-4.17,Active,,30,2970
ECO01765,2024-06-14,Technology,India,Small,70,Business,249,Monthly,Paid Search,17,10.2,3.5,88.8,2040.06,2030.77,0.46,Churned,2024-09-30,4,996
ECO01766,2026-07-23,Professional Services,Canada,Micro,6,Starter,39,Monthly,Referral,15,8.0,3.0,82.4,201.65,185.62,7.95,Active,,2,78
ECO01767,2024-02-18,Logistics,Netherlands,Micro,16,Starter,39,Annual,Referral,26,10.3,3.5,90.4,958.56,859.92,10.29,Active,,31,1209
ECO01768,2026-04-23,Logistics,UK,Small,29,Starter,39,Monthly,Referral,19,9.6,3.2,89.3,1298.49,1325.1,-2.05,Active,,5,195
ECO01769,2025-09-14,Retail,UK,Micro,6,Professional,99,Monthly,Organic Search,26,10.0,3.3,89.6,227.36,203.05,10.69,Active,,12,1188
ECO01770,2025-12-05,Hospitality,Australia,Small,60,Starter,39,Annual,Referral,26,12.3,3.4,95.6,2694.2,2469.05,8.36,Active,,9,351
ECO01771,2025-11-24,Hospitality,Germany,Small,71,Starter,39,Monthly,Referral,21,11.5,3.9,94.3,2720.02,2597.84,4.49,Active,,10,390
ECO01772,2026-04-10,Professional Services,India,Medium,292,Professional,99,Monthly,Referral,16,10.4,3.0,87.3,9281.13,9746.41,-5.01,Active,,5,495
ECO01773,2026-01-27,Retail,Germany,Small,54,Starter,39,Monthly,Organic Search,31,15.5,3.5,94.6,1954.43,1870.71,4.28,Churned,2026-02-28,2,78
ECO01774,2024-03-02,Retail,Netherlands,Medium,159,Starter,39,Annual,Referral,15,8.3,2.9,86.6,4770.72,4750.85,0.42,Churned,2025-04-30,14,546
ECO01775,2024-12-27,Healthcare,Canada,Small,51,Professional,99,Monthly,Organic Search,15,10.8,3.8,94.7,2762.66,2479.27,10.26,Active,,21,2079
ECO01776,2024-08-05,Technology,USA,Micro,13,Professional,99,Monthly,Referral,24,12.4,4.0,94.3,396.97,363.57,8.41,Active,,25,2475
ECO01777,2025-06-03,Retail,USA,Medium,212,Business,249,Annual,Paid Search,23,11.6,4.1,92.2,7374.46,8192.75,-11.1,Churned,2025-12-31,7,1743
ECO01778,2026-05-13,Manufacturing,France,Large,430,Business,249,Monthly,Partner,18,10.5,2.0,82.8,30155.5,32249.2,-6.94,Churned,2026-06-30,2,498
ECO01779,2026-08-15,Manufacturing,UK,Small,26,Professional,99,Annual,Paid Search,14,8.0,3.0,88.6,1718.58,1718.58,0.0,Active,,1,99
ECO01780,2026-03-03,Manufacturing,Australia,Small,34,Starter,39,Annual,Organic Search,22,11.7,4.5,96.6,2246.27,2156.64,3.99,Active,,6,234
ECO01781,2026-05-27,Technology,USA,Small,43,Enterprise,699,Monthly,LinkedIn,16,12.2,4.2,96.6,1328.83,1247.34,6.13,Active,,4,2796
ECO01782,2026-02-27,Manufacturing,USA,Large,349,Business,249,Annual,Paid Search,17,11.1,3.4,94.7,26831.06,23676.22,11.76,Active,,7,1743
ECO01783,2026-08-16,Logistics,Netherlands,Small,39,Professional,99,Monthly,Referral,13,7.0,2.0,82.5,1872.96,1872.96,0.0,Active,,1,99
ECO01784,2026-01-06,Professional Services,UK,Micro,19,Business,249,Monthly,Outbound Sales,21,10.6,3.4,92.4,540.56,488.96,9.55,Active,,8,1992
ECO01785,2025-01-10,Hospitality,Netherlands,Small,21,Business,249,Annual,Paid Search,15,9.8,3.4,89.9,1034.67,840.3,18.79,Active,,20,4980
ECO01786,2024-07-16,Professional Services,USA,Small,46,Professional,99,Monthly,Referral,19,12.9,4.2,95.9,1453.02,1339.2,7.83,Active,,26,2574
ECO01787,2024-10-04,Manufacturing,UK,Small,73,Business,249,Monthly,Referral,12,12.3,4.0,94.6,5442.29,4737.6,12.95,Active,,23,5727
ECO01788,2025-02-04,Manufacturing,USA,Small,36,Starter,39,Monthly,LinkedIn,24,9.2,2.5,87.4,2013.86,2076.22,-3.1,Active,,19,741
ECO01789,2026-03-19,Professional Services,UK,Medium,265,Enterprise,699,Monthly,LinkedIn,21,10.7,4.0,94.0,8454.16,8222.48,2.74,Active,,6,4194
ECO01790,2026-01-03,Retail,UK,Micro,18,Starter,39,Monthly,Referral,27,12.2,4.2,94.3,623.66,616.7,1.12,Active,,8,312
ECO01791,2025-03-11,Professional Services,UK,Small,31,Professional,99,Monthly,Organic Search,23,9.8,3.4,90.6,807.69,784.02,2.93,Active,,18,1782
ECO01792,2025-04-03,Professional Services,UK,Small,48,Business,249,Annual,Outbound Sales,22,10.8,2.9,90.2,1295.5,1194.29,7.81,Active,,17,4233
ECO01793,2025-09-11,Manufacturing,USA,Small,23,Business,249,Monthly,Paid Search,19,6.7,2.2,80.5,1553.53,1477.68,4.88,Active,,12,2988
ECO01794,2026-08-16,Logistics,Germany,Small,55,Starter,39,Monthly,Outbound Sales,16,12.0,2.0,96.1,2811.44,2811.44,0.0,Active,,1,39
ECO01795,2025-03-06,Professional Services,India,Small,71,Professional,99,Annual,Paid Search,16,8.0,2.7,81.5,1949.05,1811.01,7.08,Churned,2025-11-30,9,891
ECO01796,2025-05-19,Technology,Canada,Large,957,Enterprise,699,Annual,Organic Search,13,9.4,3.2,89.1,26713.49,25834.45,3.29,Active,,16,11184
ECO01797,2025-01-14,Technology,UK,Medium,153,Business,249,Monthly,Outbound Sales,22,10.0,2.9,88.3,4738.68,4464.18,5.79,Churned,2026-01-31,13,3237
ECO01798,2025-07-24,Professional Services,UK,Small,50,Starter,39,Monthly,Organic Search,21,8.8,2.5,86.8,1630.73,1476.38,9.47,Active,,14,546
ECO01799,2025-07-12,Education,USA,Medium,200,Professional,99,Monthly,Partner,11,8.2,3.1,85.5,6489.48,6467.29,0.34,Active,,14,1386
ECO01800,2026-03-23,Professional Services,USA,Micro,5,Professional,99,Annual,Organic Search,14,10.8,3.2,88.7,135.31,148.42,-9.69,Churned,2026-08-31,6,594
ECO01592,2025-12-21,Technology,Germany,Large,888,Business,249,Monthly,Organic Search,23,6.4,2.4,84.6,27102.2,26230.71,3.22,Churned,2026-04-30,5,1245
ECO00944,2025-12-07,Education,UK,Large,946,Business,249,Monthly,Organic Search,21,7.6,2.4,82.9,28133.28,26419.26,6.09,Churned,2026-07-31,8,1992
ECO00870,2024-10-17,Hospitality,Germany,Small,23,Business,249,Annual,Organic Search,29,9.0,2.9,87.6,971.8,922.72,5.05,Active,,23,5727
ECO00163,2026-04-11,Professional Services,France,Micro,13,Starter,39,Annual,Partner,8,9.2,3.6,86.5,349.66,344.5,1.48,Active,,5,195
ECO01272,2024-08-27,Professional Services,Germany,Large,1176,Enterprise,699,Annual,Partner,28,12.2,4.3,96.1,33574.4,33958.33,-1.14,Active,,25,17475
ECO00071,2026-02-16,Technology,Canada,Medium,98,Professional,99,Annual,Outbound Sales,26,13.4,4.3,96.2,2819.33,2979.96,-5.7,Active,,7,693
ECO00248,2024-07-20,Hospitality,USA,Small,66,Professional,99,Annual,Referral,13,11.5,4.4,95.3,2492.99,2712.9,-8.82,Churned,2025-02-28,8,792
ECO00323,2025-04-24,Retail,Germany,Medium,228,Business,249,Monthly,Paid Search,27,11.6,3.6,90.3,7631.85,6795.91,10.95,Active,,17,4233
ECO01660,2025-02-04,Hospitality,UK,Micro,19,Professional,99,Monthly,Outbound Sales,23,10.6,3.8,93.9,881.68,727.23,17.52,Churned,2026-08-31,19,1881
ECO01005,2026-04-14,Education,UK,Micro,16,Starter,39,Monthly,Outbound Sales,12,10.4,4.4,88.9,460.5,429.45,6.74,Active,,5,195
ECO01663,2025-11-15,Manufacturing,Germany,Large,447,Business,249,Monthly,Outbound Sales,23,11.0,4.5,95.8,27490.58,27946.8,-1.66,Churned,2026-02-28,4,996
ECO00910,2024-04-26,Retail,UK,Micro,10,Starter,39,Monthly,Outbound Sales,14,11.9,4.1,94.3,335.42,319.59,4.72,Churned,2024-11-30,8,312
ECO01226,2026-04-04,Retail,Australia,Medium,117,Starter,39,Monthly,Outbound Sales,12,9.8,3.2,90.8,4300.42,4326.53,-0.61,Churned,2026-08-31,5,195
ECO00902,2026-08-02,Hospitality,USA,Micro,5,Starter,39,Monthly,LinkedIn,18,10.0,2.0,87.0,215.98,215.98,0.0,Active,,1,39
ECO00592,2025-04-24,Hospitality,UK,Small,27,Professional,99,Annual,Organic Search,18,9.3,3.1,87.1,1266.38,1087.0,14.16,Active,,17,1683
ECO01274,2025-02-03,Hospitality,USA,Micro,10,Business,249,Annual,Referral,17,11.0,3.4,92.3,454.29,385.09,15.23,Active,,19,4731
ECO00555,2025-02-08,Professional Services,USA,Small,77,Starter,39,Monthly,Paid Search,21,6.6,1.7,81.2,2549.25,2153.84,15.51,Churned,2026-07-31,18,702
ECO01062,2024-05-17,Technology,USA,Micro,12,Business,249,Monthly,Partner,20,8.1,2.4,85.0,383.23,379.0,1.1,Churned,2025-06-30,14,3486
ECO00530,2025-03-11,Professional Services,India,Micro,16,Starter,39,Monthly,Referral,23,6.0,1.8,81.2,516.44,527.59,-2.16,Churned,2025-06-30,4,156
ECO01720,2026-06-04,Retail,UK ,Micro,15,Business,249,Annual,Paid Search,14,11.0,2.7,86.1,581.52,550.1,5.4,Active,,3,747
